sample_id,population,population_label,state,sample_order,cluster_1,cluster_2,cluster_3,cluster_4,cluster_5,cluster_6,cluster_7,cluster_8,cluster_9,cluster_10,cluster_11,cluster_12
883779813_Pg346_01.fsa,Pg346,IN_01,IN,1,0.0010002000400080016,0.002000400080016003,0.0030006001200240046,0.0010002000400080016,0.0020004000800160036,0.002000400080016003,0.9773954790958193,0.002000400080016003,0.0010002000400080016,0.0030006001200240046,0.0030006001200240046,0.0026005201040208044
883779813_Pg346_02.fsa,Pg346,IN_01,IN,2,9.992006394884093e-4,0.0059952038369304565,0.0029976019184652283,0.0019984012789768186,0.004596322941646684,0.002797761790567546,0.9520383693045563,0.004996003197442046,0.0011990407673860913,0.006394884092725821,0.005395683453237411,0.010591526778577139
883779813_Pg346_03.fsa,Pg346,IN_01,IN,3,0.001001201441730076,0.001001201441730076,0.0018021625951141372,0.001001201441730076,0.0016019223067681217,0.001001201441730076,0.986383660392471,0.001001201441730076,0.001001201441730076,0.001001201441730076,0.0012014417300760913,0.002002402883460152
883779813_Pg346_04.fsa,Pg346,IN_01,IN,4,0.0010004001600640254,0.0010004001600640254,0.002000800320128051,0.0010004001600640254,0.001800720288115246,0.0010004001600640254,0.9851940776310524,0.0010004001600640254,0.0012004801920768306,0.001800720288115246,0.0012004801920768306,0.001800720288115246
883779813_Pg346_05.fsa,Pg346,IN_01,IN,5,0.001002004008016032,0.002004008016032064,0.002004008016032064,0.001002004008016032,0.0020040080160320644,0.003006012024048096,0.9823647294589178,0.001002004008016032,0.0012024048096192386,0.001002004008016032,0.0014028056112224449,0.002004008016032064
883779813_Pg346_06.fsa,Pg346,IN_01,IN,6,0.007198560287942413,0.001999600079984003,0.001999600079984003,9.998000399920016e-4,0.0015996800639872027,0.001999600079984003,0.9664067186562688,9.998000399920016e-4,0.012397520495900819,0.001999600079984003,0.001199760047990402,0.001199760047990402
883779813_Pg346_07.fsa,Pg346,IN_01,IN,7,9.998000399920016e-4,0.003999200159968006,0.002999400119976005,9.998000399920016e-4,0.002399520095980804,0.002999400119976005,0.9762047590481903,9.998000399920016e-4,9.998000399920016e-4,0.002999400119976005,0.0013997200559888023,0.002999400119976005
883779813_Pg346_08.fsa,Pg346,IN_01,IN,8,0.00100080064051241,0.00200160128102482,0.00200160128102482,0.00100080064051241,0.0022017614091273015,0.00200160128102482,0.9831865492393915,0.00100080064051241,0.00100080064051241,0.0022017614091273015,0.001401120896717374,0.00100080064051241
883779813_Pg346_09.fsa,Pg346,IN_01,IN,9,0.00100080064051241,0.00200160128102482,0.0024019215372297845,0.00100080064051241,0.0018014411529223382,0.0030024019215372302,0.9813851080864692,0.00100080064051241,0.0012009607686148923,0.00200160128102482,0.0012009607686148923,0.00200160128102482
883779813_Pg346_10.fsa,Pg346,IN_01,IN,10,0.00100080064051241,0.00100080064051241,0.00200160128102482,0.00100080064051241,0.0020016012810248206,0.001401120896717374,0.9843875100080065,0.00100080064051241,0.00100080064051241,0.0018014411529223382,0.001401120896717374,0.00200160128102482
883779813_Pg346_11.fsa,Pg346,IN_01,IN,11,0.0010004001600640256,0.002801120448179272,0.004001600640256103,0.0022008803521408565,0.005202080832332933,0.005602240896358544,0.9617847138855542,0.0010004001600640256,0.0010004001600640256,0.004801920768307323,0.0034013605442176874,0.0072028811524609835
883779813_Pg346_12.fsa,Pg346,IN_01,IN,12,0.0010008006405124099,0.0020016012810248197,0.0020016012810248197,0.0010008006405124099,0.0012009607686148918,0.0020016012810248197,0.982986389111289,0.0012009607686148918,0.0010008006405124099,0.001801441152922338,0.001801441152922338,0.0020016012810248197
883779813_Pg346_13.fsa,Pg346,IN_01,IN,13,0.001200960768614892,0.00200160128102482,0.00200160128102482,0.00100080064051241,0.001200960768614892,0.00200160128102482,0.9847878302642114,0.00100080064051241,0.00100080064051241,0.0018014411529223382,0.00100080064051241,0.00100080064051241
883779813_Pg346_14.fsa,Pg346,IN_01,IN,14,0.001,0.0156,0.004,0.0024000000000000002,0.009000000000000001,0.0088,0.9315999999999999,0.0028,0.002,0.0084,0.0032,0.0112
883779813_Pg346_15.fsa,Pg346,IN_01,IN,15,0.001,0.003,0.011199999999999998,0.001,0.0024000000000000002,0.0036,0.9686,0.001,0.0012000000000000001,0.0026000000000000003,0.0014,0.003
883779813_Pg346_16.fsa,Pg346,IN_01,IN,16,0.0010024057738572574,0.0012028869286287089,0.0010024057738572574,0.0010024057738572574,0.0012028869286287089,0.0010024057738572574,0.9883720930232558,0.0010024057738572574,0.0010024057738572574,0.0012028869286287089,0.0010024057738572574,0.0010024057738572574
883779813_Pg346_17.fsa,Pg346,IN_01,IN,17,9.99200639488409e-4,0.001998401278976818,0.001998401278976818,9.99200639488409e-4,0.0021982414068745,0.003996802557953636,0.9750199840127898,0.005995203836930455,9.99200639488409e-4,0.0017985611510791366,0.0019984012789768186,0.001998401278976818
883779813_Pg346_18.fsa,Pg346,IN_01,IN,18,0.0010010010010010012,0.0010010010010010012,0.02742742742742743,0.0010010010010010012,0.0016016016016016019,0.0018018018018018023,0.9597597597597597,0.0010010010010010012,0.0010010010010010012,0.002002002002002003,0.0012012012012012014,0.0012012012012012014
883779813_Pg346_19.fsa,Pg346,IN_01,IN,19,0.0014019627478469858,0.006208692169036651,0.007210094131784498,0.002002803925495694,0.006008411776487082,0.005607850991387943,0.9327057881033447,0.002002803925495694,0.0012016823552974164,0.0098137392349289,0.0022030843180452634,0.023633086320849185
883779813_Pg346_20.fsa,Pg346,IN_01,IN,20,0.0010002000400080016,0.002000400080016003,0.002000400080016003,0.0010002000400080016,0.01160232046409282,0.0034006801360272052,0.9663932786557312,0.003000600120024005,0.0010002000400080016,0.001800360072014403,0.002000400080016003,0.0048009601920384086
883779813_Pg346_21.fsa,Pg346,IN_01,IN,21,0.0012016823552974166,0.001001401962747847,0.006008411776487082,0.001001401962747847,0.0018025235329461248,0.001001401962747847,0.9749649509313038,0.001001401962747847,0.00700981373923493,0.0014019627478469858,0.0012016823552974166,0.0024033647105948333
883779813_Pg346_22.fsa,Pg346,IN_01,IN,22,0.0010004001600640256,0.0020008003201280513,0.0020008003201280513,0.0010004001600640256,0.002601040416166467,0.0012004801920768309,0.9807923169267707,0.0010004001600640256,0.0012004801920768309,0.0022008803521408565,0.0012004801920768309,0.003801520608243297
883779813_Pg346_23.fsa,Pg346,IN_01,IN,23,9.99200639488409e-4,0.001998401278976818,0.001998401278976818,9.99200639488409e-4,0.0017985611510791366,0.001998401278976818,0.9828137490007992,9.99200639488409e-4,0.001199040767386091,0.001998401278976818,0.001199040767386091,0.001998401278976818
883779813_Pg346_24.fsa,Pg346,IN_01,IN,24,0.00100080064051241,0.00100080064051241,0.00200160128102482,0.00100080064051241,0.001601281024819856,0.00200160128102482,0.9851881505204163,0.00100080064051241,0.00100080064051241,0.00100080064051241,0.001200960768614892,0.00200160128102482
883779813_Pg347_01.fsa,Pg347,KY_02,KY,25,0.0020008003201280513,0.0018007202881152463,0.0036014405762304926,0.0036014405762304926,0.007402961184473789,0.011204481792717089,0.0026010404161664665,0.0012004801920768309,0.0010004001600640256,0.7605042016806723,0.003201280512204882,0.20188075230092037
883779813_Pg347_02.fsa,Pg347,KY_02,KY,26,0.0014016820184221065,0.001001201441730076,0.005006007208650381,0.001001201441730076,0.010012014417300761,0.004004805766920304,0.002603123748498198,0.001001201441730076,0.001001201441730076,0.7909491389667601,0.0012014417300760913,0.18081698037645175
883779813_Pg347_03.fsa,Pg347,KY_02,KY,27,0.0178,0.004,0.0102,0.0028000000000000004,0.0032,0.009,0.001,0.0024000000000000002,0.0028,0.7566,0.0032,0.187
883779813_Pg347_11.fsa,Pg347,KY_02,KY,28,0.0043964828137490015,0.0031974420463629096,0.022382094324540365,0.003597122302158273,0.023581135091926456,0.020383693045563547,0.012589928057553955,0.004196642685851319,0.005995203836930455,0.7258193445243805,0.005195843325339728,0.16866506794564348
883779813_Pg347_12.fsa,Pg347,KY_02,KY,29,0.018792483006797287,0.0017992802878848463,0.0033986405437824874,9.996001599360256e-4,0.010795681727309077,0.0035985605757696926,0.01599360255897641,9.996001599360256e-4,0.0035985605757696926,0.7369052379048381,0.0017992802878848463,0.20131947221111554
883779813_Pg347_17.fsa,Pg347,KY_02,KY,30,0.004199160167966408,0.0025994801039792045,0.007798440311937612,9.998000399920016e-4,0.008798240351929613,0.0061987602479504095,0.004999000199960009,0.0015996800639872027,0.00599880023995201,0.7636472705458908,0.0017996400719856032,0.1913617276544691
883779813_Pg347_18.fsa,Pg347,KY_02,KY,31,0.015003000600120027,0.003200640128025605,0.010002000400080016,0.0026005201040208044,0.011402280456091218,0.025205041008201638,0.0034006801360272057,0.00640128025605121,0.0030006001200240046,0.7439487897579516,0.0034006801360272057,0.17243448689737947
883779813_Pg347_21.fsa,Pg347,KY_02,KY,32,0.01321056845476381,0.00200160128102482,0.0022017614091273015,0.014611689351481183,0.00200160128102482,0.00200160128102482,0.00100080064051241,0.0018014411529223382,0.003803042433947158,0.7471977582065653,0.008206565252201762,0.20196156925540432
883779813_Pg347_22.fsa,Pg347,KY_02,KY,33,0.001,0.0034000000000000002,0.0828,0.0036,0.0052,0.0098,0.0018000000000000002,0.010799999999999999,0.0012000000000000001,0.7194,0.004000000000000001,0.157
883779813_Pg347_23.fsa,Pg347,KY_02,KY,34,0.0010004001600640256,0.001800720288115246,0.08043217286914765,0.0010004001600640256,0.007603041216486595,0.0072028811524609835,0.0022008803521408565,0.001800720288115246,0.0010004001600640256,0.7354941976790716,0.003601440576230492,0.1568627450980392
883779813_Pg348_01.fsa,Pg348,EX_01,EX-S,35,0.0034000000000000002,0.002,0.0021999999999999997,0.001,0.0021999999999999997,0.0076,0.0032,0.0018000000000000002,0.0012000000000000001,0.7792,0.0012000000000000001,0.195
883779813_Pg348_02.fsa,Pg348,EX_01,EX-S,36,0.001001001001001001,0.0012012012012012014,0.0012012012012012014,0.0012012012012012014,0.0016016016016016017,0.002002002002002002,0.002202202202202202,0.001001001001001001,0.001001001001001001,0.001801801801801802,0.0012012012012012014,0.9845845845845846
883779813_Pg348_03.fsa,Pg348,EX_01,EX-S,37,0.0015993602558976412,0.0013994402239104358,0.001999200319872051,0.0017992802878848463,0.0037984806077568977,0.001999200319872051,0.0021991203518592563,9.996001599360256e-4,0.001199520191923231,0.0017992802878848463,0.001199520191923231,0.9800079968012796
883779813_Pg348_04.fsa,Pg348,EX_01,EX-S,38,0.0019988007195682594,0.0025984409354387374,0.0037977213671796925,0.002398560863481911,0.00399760143913652,0.003997601439136519,0.00439736158305017,0.0019988007195682594,0.0027983210073955628,0.771537077753348,0.0021986807915250852,0.1982810313811713
883779813_Pg348_05.fsa,Pg348,EX_01,EX-S,39,0.0035985605757696926,0.0021991203518592563,0.006797281087564975,0.001999200319872051,0.008796481407437027,0.008396641343462614,0.001999200319872051,9.996001599360256e-4,0.002598960415833667,0.7854858056777289,0.002798880447820872,0.17433026789284287
883779813_Pg348_06.fsa,Pg348,EX_01,EX-S,40,0.001001001001001001,0.001001001001001001,0.002002002002002002,0.001001001001001001,0.0022022022022022015,0.002002002002002002,0.001001001001001001,0.001001001001001001,0.0014014014014014013,0.7871871871871872,0.001001001001001001,0.19919919919919918
883779813_Pg348_07.fsa,Pg348,EX_01,EX-S,41,0.00100080064051241,0.002401921537229784,0.005204163330664533,0.00100080064051241,0.001601281024819856,0.002201761409127302,0.0050040032025620495,0.00100080064051241,0.00100080064051241,0.7800240192153723,0.00100080064051241,0.19855884707766214
883779813_Pg348_08.fsa,Pg348,EX_01,EX-S,42,0.0010006003602161296,0.0012007204322593557,0.0020012007204322593,0.0024014408645187113,0.0022013207924754846,0.002601560936561937,0.0016009605763458075,0.0010006003602161296,0.0014008405043025814,0.7822693616169701,0.0012007204322593557,0.20112067240344203
883779813_Pg348_09.fsa,Pg348,EX_01,EX-S,43,0.001,0.0108,0.028599999999999997,0.001,0.005200000000000001,0.019,0.0034000000000000002,0.002,0.0018000000000000002,0.7485999999999999,0.0024000000000000002,0.1762
883779813_Pg348_10.fsa,Pg348,EX_01,EX-S,44,0.0010004001600640256,0.0010004001600640256,0.002200880352140856,0.0010004001600640256,0.0014005602240896359,0.001800720288115246,0.0010004001600640256,0.0010004001600640256,0.0010004001600640256,0.7887154861944777,0.0010004001600640256,0.19887955182072828
883779813_Pg348_11.fsa,Pg348,EX_01,EX-S,45,0.0010006003602161296,0.0010006003602161296,0.03682209325595357,0.0010006003602161296,0.0036021612967780674,0.010806483890334201,0.003402041224734841,0.0010006003602161296,0.0012007204322593559,0.7622573544126475,0.0012007204322593559,0.1767060236141685
883779813_Pg348_12.fsa,Pg348,EX_01,EX-S,46,0.0010004001600640256,0.0010004001600640256,0.0020008003201280513,0.001600640256102441,0.002200880352140856,0.003001200480192077,0.0010004001600640256,0.0010004001600640256,0.0014005602240896359,0.7857142857142857,0.0012004801920768309,0.19887955182072828
883779813_Pg348_13.fsa,Pg348,EX_01,EX-S,47,0.0014005602240896359,0.0010004001600640256,0.0020008003201280513,0.0018007202881152463,0.002601040416166467,0.0036014405762304926,0.001600640256102441,0.0010004001600640256,0.0014005602240896359,0.7841136454581833,0.0012004801920768309,0.19827931172468988
883779813_Pg348_14.fsa,Pg348,EX_01,EX-S,48,0.00100080064051241,0.004803843074459568,0.009607686148919136,0.00100080064051241,0.00300240192153723,0.00400320256204964,0.0028022417934347485,0.00100080064051241,0.00100080064051241,0.7768214571657326,0.001200960768614892,0.19375500400320256
883779813_Pg348_15.fsa,Pg348,EX_01,EX-S,49,0.001,0.002,0.0021999999999999997,0.001,0.003,0.0028000000000000004,0.0026000000000000003,0.0016,0.0018000000000000002,0.7809999999999999,0.0020000000000000005,0.199
883779813_Pg348_16.fsa,Pg348,EX_01,EX-S,50,0.001001001001001001,0.003003003003003003,0.002802802802802803,0.001001001001001001,0.002602602602602603,0.0032032032032032033,0.002002002002002002,0.002002002002002002,0.0016016016016016017,0.4264264264264264,0.0012012012012012014,0.5531531531531532
883779813_Pg348_17.fsa,Pg348,EX_01,EX-S,51,0.0010002000400080016,0.002000400080016003,0.0608121624324865,0.0010002000400080016,0.01860372074414883,0.0034006801360272057,0.00700140028005601,0.0010002000400080016,0.0010002000400080016,0.1940388077615523,0.0014002800560112022,0.70874174834967
883779813_Pg348_18.fsa,Pg348,EX_01,EX-S,52,0.001001201441730076,0.001001201441730076,0.001001201441730076,0.002202643171806167,0.003003604325190229,0.002002402883460152,0.0014016820184221065,0.001001201441730076,0.0012014417300760913,0.002002402883460152,0.0012014417300760913,0.9829795754905887
883779813_Pg348_19.fsa,Pg348,EX_01,EX-S,53,0.0012002400480096021,0.0022004400880176037,0.002600520104020805,0.002000400080016003,0.004200840168033608,0.005401080216043209,0.001800360072014403,0.0016003200640128028,0.0012002400480096021,0.40008001600320064,0.0016003200640128028,0.5761152230446089
883779813_Pg348_20.fsa,Pg348,EX_01,EX-S,54,0.0010004001600640256,0.0012004801920768309,0.001800720288115246,0.0010004001600640256,0.001600640256102441,0.0020008003201280513,0.0012004801920768309,0.0010004001600640256,0.0010004001600640256,0.0020008003201280517,0.0012004801920768309,0.9849939975990396
883779813_Pg348_21.fsa,Pg348,EX_01,EX-S,55,0.001001001001001001,0.0048048048048048055,0.002202202202202202,0.0028028028028028026,0.014414414414414416,0.0034034034034034037,0.003003003003003003,0.002602602602602603,0.0012012012012012014,0.5631631631631632,0.0024024024024024027,0.39899899899899893
883779813_Pg348_22.fsa,Pg348,EX_01,EX-S,56,0.00100080064051241,0.0026020816653322663,0.0036028823058446764,0.00100080064051241,0.0018014411529223382,0.0028022417934347485,0.00200160128102482,0.00100080064051241,0.00100080064051241,0.7834267413931144,0.001200960768614892,0.19855884707766214
883779813_Pg348_23.fsa,Pg348,EX_01,EX-S,57,0.00860344137655062,0.0078031212484993995,0.026410564225690276,0.0010004001600640256,0.00700280112044818,0.009403761504601841,0.002801120448179272,0.0010004001600640256,0.005402160864345739,0.7529011604641856,0.001600640256102441,0.1760704281712685
883779813_Pg348_24.fsa,Pg348,EX_01,EX-S,58,0.004198320671731307,0.0037984806077568972,0.0029988004798080768,0.005597760895641743,0.0059976009596161535,0.004198320671731308,0.001999200319872051,0.006797281087564975,0.005797680927628949,0.7654938024790083,0.006397441023590565,0.1867253098760496
883779813_Pg349_01.fsa,Pg349,KY_01,KY,59,0.016187050359712227,0.017585931254996,0.0725419664268585,0.0017985611510791366,0.18964828137490009,0.0031974420463629096,0.0109912070343725,0.005595523581135091,0.011191047162270183,0.6656674660271782,0.0035971223021582727,0.001998401278976818
883779813_Pg349_02.fsa,Pg349,KY_01,KY,60,0.004999000199960009,0.004799040191961608,0.0027994401119776045,9.998000399920016e-4,0.1973605278944211,0.008198360327934412,0.015596880623875223,0.0037992401519696063,0.002999400119976005,0.7538492301539691,0.0027994401119776045,0.0017996400719856032
883779813_Pg349_03.fsa,Pg349,KY_01,KY,61,0.002,0.0038000000000000004,0.0036,0.0014,0.2004,0.006999999999999999,0.0032,0.001,0.0021999999999999997,0.7714000000000001,0.0016,0.0024000000000000002
883779813_Pg349_04.fsa,Pg349,KY_01,KY,62,0.0010016025641025642,0.0020032051282051285,0.0020032051282051285,0.0014022435897435897,0.20292467948717946,0.002604166666666667,0.005008012820512821,0.0010016025641025642,0.0016025641025641027,0.7762419871794872,0.0018028846153846157,0.002403846153846154
883779813_Pg349_07.fsa,Pg349,KY_01,KY,63,0.0012024048096192386,0.0020040080160320644,0.0020040080160320644,0.0016032064128256515,0.19859719438877757,0.002204408817635271,0.02464929859719439,0.0010020040080160322,0.0016032064128256515,0.7613226452905811,0.0012024048096192386,0.0026052104208416837
883779813_Pg349_08.fsa,Pg349,KY_01,KY,64,0.0016009605763458077,0.0020012007204322593,0.0026015609365619375,0.0010006003602161296,0.19851911146688014,0.0020012007204322593,0.0022013207924754855,0.0016009605763458077,0.0016009605763458077,0.7836702021212728,0.0012007204322593559,0.0020012007204322593
883779813_Pg349_09.fsa,Pg349,KY_01,KY,65,0.0010002000400080016,0.002600520104020805,0.002600520104020805,0.0010002000400080016,0.19943988797759554,0.0022004400880176037,0.002600520104020805,0.0010002000400080016,0.0012002400480096021,0.7833566713342668,0.0012002400480096021,0.001800360072014403
883779813_Pg349_10.fsa,Pg349,KY_01,KY,66,0.0016016016016016017,0.005005005005005005,0.002002002002002002,0.0016016016016016017,0.20280280280280277,0.006206206206206206,0.0048048048048048055,0.001001001001001001,0.001001001001001001,0.7651651651651651,0.0020020020020020024,0.0068068068068068074
883779813_Pg349_11.fsa,Pg349,KY_01,KY,67,0.0020004000800160028,0.007601520304060809,0.0030006001200240046,0.0010002000400080014,0.19563912782556508,0.0020004000800160028,0.0020004000800160028,0.0016003200640128023,0.001400280056011202,0.7795559111822364,0.001400280056011202,0.0028005601120224045
883779813_Pg349_12.fsa,Pg349,KY_01,KY,68,0.0010004001600640256,0.002601040416166467,0.003001200480192077,0.0010004001600640256,0.19467787114845939,0.003201280512204882,0.02581032412965186,0.0010004001600640256,0.0010004001600640256,0.7617046818727491,0.001600640256102441,0.0034013605442176874
883779813_Pg349_13.fsa,Pg349,KY_01,KY,69,0.0020016012810248197,0.006405124099279423,0.0020016012810248197,0.00400320256204964,0.19815852682145715,0.0032025620496397116,0.004803843074459567,0.0024019215372297837,0.001801441152922338,0.7674139311449159,0.0022017614091273015,0.005604483586869496
883779813_Pg349_14.fsa,Pg349,KY_01,KY,70,0.0010004001600640256,0.0020008003201280513,0.0020008003201280513,0.0010004001600640256,0.19967987194877954,0.002601040416166467,0.0018007202881152463,0.0010004001600640256,0.0010004001600640256,0.7847138855542217,0.0012004801920768309,0.0020008003201280513
883779813_Pg349_15.fsa,Pg349,KY_01,KY,71,0.001999600079984003,0.0017996400719856032,0.0015996800639872027,0.0013997200559888023,0.22815436912617473,0.014797040591881626,0.005598880223955208,0.0017996400719856032,0.001199760047990402,0.7286542691461708,0.007998400319936013,0.004999000199960009
883779813_Pg349_16.fsa,Pg349,KY_01,KY,72,0.001401120896717374,0.0036028823058446764,0.006405124099279425,0.006204963971176942,0.18975180144115297,0.0034027221777421946,0.011208967173738994,0.0034027221777421946,0.00200160128102482,0.7616092874299439,0.0026020816653322663,0.008406725380304245
883779813_Pg349_17.fsa,Pg349,KY_01,KY,73,0.00100080064051241,0.00200160128102482,0.00200160128102482,0.003202562049639712,0.200160128102482,0.002201761409127302,0.003202562049639712,0.0018014411529223382,0.001200960768614892,0.7760208166533227,0.001401120896717374,0.005804643714971977
883779813_Pg349_18.fsa,Pg349,KY_01,KY,74,0.0016003200640128026,0.0016003200640128026,0.003200640128025605,0.002000400080016003,0.1978395679135827,0.002400480096019204,0.0016003200640128026,0.0016003200640128026,0.0016003200640128026,0.7833566713342669,0.001200240048009602,0.002000400080016003
883779813_Pg349_19.fsa,Pg349,KY_01,KY,75,0.002801681008605163,0.007804682809685813,0.009805883530118072,0.002601560936561938,0.1879127476485892,0.004202521512907746,0.002601560936561938,0.0010006003602161299,0.0014008405043025817,0.7740644386631979,0.00200120072043226,0.0038022813688212936
883779813_Pg349_20.fsa,Pg349,KY_01,KY,76,0.001200960768614892,0.001401120896717374,0.00200160128102482,0.00100080064051241,0.1977582065652522,0.003402722177742194,0.00200160128102482,0.00100080064051241,0.00100080064051241,0.7850280224179343,0.001401120896717374,0.002802241793434748
883779813_Pg349_21.fsa,Pg349,KY_01,KY,77,0.0020024028834601526,0.0020024028834601526,0.0020024028834601526,0.0010012014417300763,0.19823788546255508,0.0026031237484981985,0.003203844613536244,0.0010012014417300763,0.0010012014417300763,0.7837404885863036,0.0012014417300760915,0.0020024028834601526
883779813_Pg349_22.fsa,Pg349,KY_01,KY,78,0.0030000000000000005,0.0034000000000000002,0.0026000000000000003,0.0018000000000000002,0.1984,0.008600000000000002,0.006,0.0046,0.0126,0.7556,0.0014,0.002
883779813_Pg349_23.fsa,Pg349,KY_01,KY,79,0.001001001001001001,0.0038038038038038036,0.007207207207207207,0.001001001001001001,0.1977977977977978,0.0048048048048048055,0.019219219219219222,0.002002002002002002,0.0016016016016016017,0.7499499499499499,0.0026026026026026027,0.009009009009009009
883779813_Pg349_24.fsa,Pg349,KY_01,KY,80,0.0020012007204322593,0.004602761656994196,0.008204922953772262,0.004602761656994196,0.19991995197118273,0.0028016810086051633,0.003802281368821293,0.0040024014408645186,0.002601560936561937,0.7554532719631779,0.0014008405043025817,0.010606363818290976
883779813_Pg350_01.fsa,Pg350,KY_03,KY,81,0.0010006003602161296,0.0038022813688212928,0.9717830698419051,0.0010006003602161296,0.003802281368821293,0.002601560936561937,0.003001801080648389,0.0010006003602161296,0.0010006003602161296,0.0078046828096858135,0.0012007204322593559,0.0020012007204322593
883779813_Pg350_02.fsa,Pg350,KY_03,KY,82,0.2665066026410564,0.009203681472589036,0.15626250500200078,0.012404961984793917,0.06022408963585434,0.18887555022008803,0.012204881952781113,0.008403361344537815,0.006602641056422569,0.23869547819127654,0.015006002400960387,0.025610244097639057
883779813_Pg350_03.fsa,Pg350,KY_03,KY,83,0.001,0.002,0.9805999999999999,0.001,0.0024000000000000002,0.0028,0.001,0.002,0.0012000000000000001,0.0028000000000000004,0.0012000000000000001,0.002
883779813_Pg350_04.fsa,Pg350,KY_03,KY,84,9.996001599360256e-4,0.01739304278288685,0.905437824870052,0.007197121151539385,0.002998800479808077,0.005597760895641743,0.039184326269492205,0.0017992802878848463,0.002598960415833667,0.009596161535385846,0.0013994402239104358,0.005797680927628949
883779813_Pg350_05.fsa,Pg350,KY_03,KY,85,0.0010010010010010012,0.003803803803803804,0.5961961961961961,0.0010010010010010012,0.07447447447447447,0.004204204204204204,0.0016016016016016019,0.0010010010010010012,0.0010010010010010012,0.3123123123123123,0.0012012012012012014,0.0022022022022022024
883779813_Pg350_06.fsa,Pg350,KY_03,KY,86,0.0043982407037185135,0.004598160735705719,0.9438224710115954,0.005597760895641742,0.0033986405437824874,0.010595761695321872,0.0043982407037185135,0.0037984806077568972,0.0029988004798080768,0.006797281087564975,0.0037984806077568972,0.00579768092762895
883779813_Pg350_07.fsa,Pg350,KY_03,KY,87,0.0010006003602161296,0.0020012007204322593,0.9495697418451071,0.0010006003602161296,0.0034020412247348407,0.023414048429057435,0.0038022813688212923,0.0012007204322593557,0.0012007204322593557,0.00640384230538323,0.0020012007204322593,0.005003001801080648
883779813_Pg350_08.fsa,Pg350,KY_03,KY,88,0.0034006801360272052,0.0020004000800160028,0.9307861572314463,0.0018003600720144029,0.006201240248049609,0.01940388077615523,0.008201640328065612,0.0054010802160432084,0.004600920184036806,0.0030006001200240046,0.01320264052810562,0.0020004000800160028
883779813_Pg350_09.fsa,Pg350,KY_03,KY,89,9.998000399920016e-4,0.002999400119976005,0.9806038792241552,9.998000399920016e-4,0.0017996400719856032,0.001999600079984003,0.001999600079984003,9.998000399920016e-4,0.0015996800639872027,0.001999600079984003,0.001999600079984003,0.001999600079984003
883779813_Pg350_10.fsa,Pg350,KY_03,KY,90,0.002003205128205128,0.002003205128205128,0.8102964743589743,0.001001602564102564,0.005408653846153845,0.00861378205128205,0.002003205128205128,0.002003205128205128,0.002003205128205128,0.1482371794871795,0.003004807692307692,0.013421474358974356
883779813_Pg350_11.fsa,Pg350,KY_03,KY,91,0.0012007204322593559,0.0020012007204322593,0.9713828296978188,0.0010006003602161296,0.003402041224734841,0.003001801080648389,0.003001801080648389,0.0020012007204322593,0.0018010806483890337,0.006603962377426456,0.0014008405043025817,0.0032019211526916154
883779813_Pg350_12.fsa,Pg350,KY_03,KY,92,0.0020008003201280513,0.002801120448179272,0.9397759103641457,0.0010004001600640256,0.003601440576230492,0.024409763905562223,0.012204881952781112,0.0020008003201280513,0.0012004801920768309,0.0028011204481792717,0.0024009603841536617,0.005802320928371348
883779813_Pg350_13.fsa,Pg350,KY_03,KY,93,0.001,0.005800000000000001,0.9606,0.0018000000000000002,0.0026000000000000003,0.004,0.0048000000000000004,0.001,0.0018000000000000002,0.007600000000000001,0.0014,0.007600000000000001
883779813_Pg350_14.fsa,Pg350,KY_03,KY,94,0.0035992801439712063,0.001999600079984003,0.9576084783043392,0.002799440111977604,0.005198960207958409,0.005398920215956809,0.002999400119976005,0.00559888022395521,0.002999400119976005,0.002799440111977605,0.001999600079984003,0.0069986002799440105
883779813_Pg350_15.fsa,Pg350,KY_03,KY,95,0.0012007204322593559,0.006603962377426456,0.8487092255353211,0.0018010806483890337,0.008004802881729039,0.014808885331198722,0.003001801080648389,0.0016009605763458077,0.005003001801080648,0.04922953772263358,0.0026015609365619375,0.05743446067640584
883779813_Pg350_16.fsa,Pg350,KY_03,KY,96,0.001598721023181455,0.004596322941646684,0.8521183053557155,9.992006394884093e-4,0.03017585931254996,0.0051958433253397295,0.0019984012789768186,9.992006394884093e-4,0.001798561151079137,0.08972821742605916,0.001398880895283773,0.009392486011191048
883779813_Pg350_17.fsa,Pg350,KY_03,KY,97,9.998000399920016e-4,0.001999600079984003,0.9640071985602879,9.998000399920016e-4,0.002799440111977605,0.001999600079984003,0.016396720655868828,9.998000399920016e-4,9.998000399920016e-4,0.005398920215956809,0.0013997200559888023,0.001999600079984003
883779813_Pg350_18.fsa,Pg350,KY_03,KY,98,0.010004001600640256,0.01980792316926771,0.08823529411764706,0.0038015206082432974,0.14325730292116848,0.02901160464185674,0.09163665466186476,0.010804321728691477,0.004601840736294518,0.028411364545818326,0.018607442977190875,0.5518207282913166
883779813_Pg350_19.fsa,Pg350,KY_03,KY,99,0.001001001001001001,0.04464464464464465,0.8560560560560561,0.001001001001001001,0.005205205205205206,0.033433433433433433,0.002002002002002002,0.001001001001001001,0.001001001001001001,0.041841841841841844,0.0012012012012012014,0.011611611611611613
883779813_Pg350_20.fsa,Pg350,KY_03,KY,100,0.002,0.002,0.9789999999999999,0.001,0.0018000000000000002,0.002,0.004200000000000001,0.001,0.0018000000000000002,0.002,0.0012000000000000001,0.002
883779813_Pg350_21.fsa,Pg350,KY_03,KY,101,0.001200960768614892,0.00400320256204964,0.961369095276221,0.00100080064051241,0.003202562049639712,0.013610888710968777,0.00100080064051241,0.00100080064051241,0.0018014411529223382,0.0028022417934347485,0.001401120896717374,0.007606084867894315
883779813_Pg350_22.fsa,Pg350,KY_03,KY,102,0.001999600079984003,0.001999600079984003,0.9068186362727455,9.998000399920016e-4,0.003999200159968006,0.0605878824235153,0.002999400119976005,9.998000399920016e-4,0.001999600079984003,0.008598280343931213,0.0013997200559888023,0.007598480303939213
883779813_Pg351_01.fsa,Pg351,KY_04,KY,103,0.002803364036844213,0.007008410092110533,0.007408890668802562,0.001001201441730076,0.005206247496996396,0.9265118141770124,0.007609130957148578,0.001001201441730076,0.001001201441730076,0.03003604325190229,0.0018021625951141372,0.008610332398878654
883779813_Pg351_02.fsa,Pg351,KY_04,KY,104,0.007400000000000001,0.007000000000000001,0.0068000000000000005,0.0252,0.011800000000000001,0.9048,0.0022,0.0058000000000000005,0.015600000000000003,0.004399999999999999,0.003,0.006
883779813_Pg351_03.fsa,Pg351,KY_04,KY,105,0.002199560087982403,0.012397520495900817,0.003399320135972805,0.009598080383923215,0.0037992401519696055,0.9362127574485102,0.0019996000799840027,0.004399120175964806,0.0023995200959808036,0.013997200559888021,0.002599480103979204,0.0069986002799440105
883779813_Pg351_04.fsa,Pg351,KY_04,KY,106,0.0010004001600640256,0.010604241696678672,0.006002400960384154,0.0010004001600640256,0.002601040416166467,0.9651860744297719,0.0010004001600640256,0.0012004801920768309,0.0010004001600640256,0.006402561024409764,0.0014005602240896359,0.002601040416166467
883779813_Pg351_05.fsa,Pg351,KY_04,KY,107,0.0023990403838464614,0.0029988004798080763,0.013994402239104354,0.005397840863654537,0.08156737305077968,0.8180727708916433,0.005997600959616153,0.0029988004798080763,0.005197920831667333,0.0049980007996801275,0.03738504598160735,0.018992403038784484
883779813_Pg351_06.fsa,Pg351,KY_04,KY,108,0.0021999999999999997,0.002,0.0066,0.0036,0.005399999999999999,0.9532,0.0124,0.003,0.0024000000000000002,0.0028000000000000004,0.0038000000000000004,0.0026000000000000003
883779813_Pg351_07.fsa,Pg351,KY_04,KY,109,0.0012009607686148918,0.0032025620496397116,0.0022017614091273015,0.001801441152922338,0.008406725380304243,0.8867093674939952,0.0020016012810248197,0.0010008006405124099,0.002201761409127302,0.060048038430744605,0.0034027221777421937,0.027822257806244994
883779813_Pg351_08.fsa,Pg351,KY_04,KY,110,0.001001401962747847,0.0014019627478469858,0.0022030843180452634,0.001001401962747847,0.0072100941317844985,0.9731624273983577,0.002002803925495694,0.001001401962747847,0.001001401962747847,0.0022030843180452634,0.00340476667334268,0.004406168636090527
883779813_Pg351_09.fsa,Pg351,KY_04,KY,111,0.0010008006405124099,0.004403522818254604,0.004603682946357085,0.0010008006405124099,0.006405124099279423,0.9337469975980784,0.0010008006405124099,0.0012009607686148918,0.0010008006405124099,0.00800640512409928,0.003602882305844676,0.03402722177742193
883779813_Pg351_10.fsa,Pg351,KY_04,KY,112,0.0010004001600640254,0.0010004001600640254,0.0064025610244097635,0.0010004001600640254,0.0030012004801920765,0.9761904761904762,0.002000800320128051,0.002000800320128051,0.0010004001600640254,0.0028011204481792717,0.0016006402561024409,0.002000800320128051
883779813_Pg351_11.fsa,Pg351,KY_04,KY,113,0.0022004400880176033,0.010202040408081616,0.003600720144028806,0.0010002000400080016,0.049809961992398476,0.8587717543508702,0.002400480096019204,0.0030006001200240046,0.001800360072014403,0.03200640128025605,0.016203240648129624,0.01900380076015203
883779813_Pg351_12.fsa,Pg351,KY_04,KY,114,0.0010002000400080016,0.0034006801360272057,0.036207241448289663,0.002000400080016003,0.004800960192038408,0.8431686337267453,0.013202640528105622,0.002800560112022405,0.001200240048009602,0.035007001400280055,0.0016003200640128026,0.05561112222444489
883779813_Pg351_13.fsa,Pg351,KY_04,KY,115,0.0020004000800160028,0.05341068213642728,0.005801160232046409,0.0020004000800160028,0.0030006001200240046,0.9115823164632927,0.008001600320064011,0.0030006001200240046,0.0028005601120224036,0.002400480096019204,0.0030006001200240046,0.0030006001200240046
883779813_Pg351_14.fsa,Pg351,KY_04,KY,116,0.0016,0.0506,0.003,0.0022,0.023600000000000003,0.8838000000000001,0.0058,0.005,0.0027999999999999995,0.003,0.014800000000000002,0.0038
883779813_Pg351_15.fsa,Pg351,KY_04,KY,117,0.0021991203518592563,0.002399040383846462,0.0031987205117952823,0.0065973610555777685,0.005197920831667334,0.9422231107556978,0.01999200319872051,0.002798880447820872,0.001999200319872051,0.005597760895641743,0.0029988004798080768,0.004798080767692924
883779813_Pg351_16.fsa,Pg351,KY_04,KY,118,0.004201680672268908,0.016406562625050018,0.003001200480192077,0.0020008003201280513,0.0048019207683073235,0.9495798319327731,0.0020008003201280513,0.0024009603841536617,0.001800720288115246,0.0070028011204481795,0.0014005602240896359,0.005402160864345739
883779813_Pg351_17.fsa,Pg351,KY_04,KY,119,0.0010006003602161296,0.007204322593556134,0.0026015609365619375,0.002201320792475485,0.0038022813688212928,0.9619771863117871,0.003001801080648389,0.0010006003602161296,0.0012007204322593559,0.007404442665599359,0.0016009605763458077,0.007004202521512909
883779813_Pg351_18.fsa,Pg351,KY_04,KY,120,0.0010006003602161296,0.007004202521512909,0.003602161296778067,0.0010006003602161296,0.013207924754852912,0.9449669801881129,0.0020012007204322593,0.0020012007204322593,0.0020012007204322593,0.008004802881729037,0.0016009605763458077,0.013608164898939365
883779813_Pg351_19.fsa,Pg351,KY_04,KY,121,0.002002002002002002,0.005605605605605605,0.0036036036036036037,0.001001001001001001,0.004204204204204205,0.9679679679679679,0.006406406406406407,0.001001001001001001,0.001001001001001001,0.002602602602602603,0.002202202202202202,0.0024024024024024027
883779813_Pg351_20.fsa,Pg351,KY_04,KY,122,0.001002004008016032,0.0048096192384769546,0.006212424849699399,0.001002004008016032,0.04969939879759519,0.9018036072144289,0.003807615230460922,0.001002004008016032,0.0012024048096192386,0.0056112224448897794,0.021643286573146295,0.0022044088176352704
883779813_Pg351_21.fsa,Pg351,KY_04,KY,123,0.001798920647611433,0.003997601439136518,0.002998201079352388,0.0013991605036977812,0.01019388366979812,0.959624225464721,0.003198081151309214,0.001998800719568259,0.0011992804317409553,0.007195682590445732,0.004197481511093343,0.0021986807915250844
883779813_Pg351_22.fsa,Pg351,KY_04,KY,124,0.0032,0.013999999999999999,0.0076,0.0014,0.0021999999999999997,0.9532,0.001,0.002,0.0024000000000000002,0.0062,0.0028000000000000004,0.004
883779813_Pg351_23.fsa,Pg351,KY_04,KY,125,0.002,0.0034000000000000002,0.0038,0.0024000000000000002,0.004600000000000002,0.9644,0.0058000000000000005,0.003,0.0014,0.0022,0.0018000000000000002,0.005200000000000001
883779813_Pg351_24.fsa,Pg351,KY_04,KY,126,0.0024004800960192043,0.003600720144028806,0.002800560112022405,0.002000400080016003,0.021604320864172837,0.9421884376875376,0.0032006401280256056,0.002000400080016003,0.0010002000400080016,0.004200840168033608,0.012802560512102422,0.0022004400880176033
883779813_Pg352_01.fsa,Pg352,KY_05,KY,127,0.001400280056011202,0.0020004000800160028,0.0018003600720144029,0.0010002000400080014,0.1978395679135827,0.0020004000800160028,0.005001000200040007,0.001400280056011202,0.005201040208041608,0.0040008001600320055,0.0030006001200240046,0.7753550710142029
883779813_Pg352_02.fsa,Pg352,KY_05,KY,128,0.0028033640368442135,0.0034040849018822593,0.002202643171806167,0.0012014417300760915,0.19603524229074892,0.006007208650380457,0.002803364036844213,0.0012014417300760915,0.0020024028834601526,0.003203844613536244,0.001601922306768122,0.7775330396475771
883779813_Pg352_03.fsa,Pg352,KY_05,KY,129,0.0010004001600640256,0.003201280512204882,0.0018007202881152463,0.0038015206082432974,0.1826730692276911,0.002601040416166467,0.017006802721088433,0.0024009603841536617,0.0014005602240896359,0.016206482593037214,0.0028011204481792717,0.7651060424169668
883779813_Pg352_04.fsa,Pg352,KY_05,KY,130,0.002201320792475485,0.010006003602161298,0.0020012007204322593,0.005203121873123875,0.18711226736041625,0.005603362017210327,0.003602161296778067,0.0012007204322593559,0.0020012007204322593,0.00440264158495097,0.0012007204322593559,0.7754652791675004
883779813_Pg352_05.fsa,Pg352,KY_05,KY,131,0.001999200319872051,0.005197920831667333,0.001999200319872051,9.996001599360256e-4,0.2185125949620152,0.011595361855257896,0.016993202718912435,9.996001599360256e-4,0.0015993602558976412,0.1711315473810476,0.007197121151539385,0.5617752898840465
883779813_Pg352_06.fsa,Pg352,KY_05,KY,132,0.001399720055988802,0.00739852029594081,0.0021995600879824028,0.0019996000799840027,0.18076384723055386,0.004799040191961607,0.05438912217556488,0.0011997600479904018,0.0019996000799840027,0.0031993601279744046,0.002199560087982403,0.7384523095380924
883779813_Pg352_07.fsa,Pg352,KY_05,KY,133,0.009203681472589039,0.0020008003201280513,0.004201680672268908,0.0012004801920768309,0.037414965986394565,0.05842336934773909,0.0020008003201280513,0.0010004001600640256,0.0014005602240896359,0.006202480992396959,0.015406162464985995,0.8615446178471389
883779813_Pg352_08.fsa,Pg352,KY_05,KY,134,0.011191047162270183,0.0019984012789768186,0.018385291766586733,0.0025979216626698647,0.04056754596322942,0.009392486011191048,0.00639488409272582,0.001798561151079137,0.006195043964828137,0.014388489208633096,0.0023980815347721825,0.8846922462030377
883779813_Pg352_09.fsa,Pg352,KY_05,KY,135,0.0020008003201280513,0.001600640256102441,0.0010004001600640256,0.0020008003201280513,0.0018007202881152463,0.0018007202881152463,0.0010004001600640256,0.0020008003201280513,0.0012004801920768309,0.0028011204481792713,0.0012004801920768309,0.9815926370548219
883779813_Pg352_10.fsa,Pg352,KY_05,KY,136,0.0013983220135836997,0.0021973631642029567,0.0033959248901318426,0.0019976028765481425,0.19536556132640834,0.0019976028765481425,0.003995205753096285,0.0019976028765481425,0.005992808629644427,0.007191370355573313,0.0029964043148222137,0.7714742309228926
883779813_Pg352_11.fsa,Pg352,KY_05,KY,137,0.0015993602558976412,0.0021991203518592567,0.005197920831667334,0.005397840863654539,0.002798880447820872,0.001999200319872051,0.001999200319872051,0.0021991203518592567,0.005997600959616154,0.010995601759296281,0.001999200319872051,0.9576169532187125
883779813_Pg352_12.fsa,Pg352,KY_05,KY,138,0.0017996400719856032,0.001999600079984003,0.001199760047990402,0.002199560087982403,0.003399320135972806,0.001999600079984003,0.001999600079984003,0.001999600079984003,0.001199760047990402,0.001999600079984003,0.0017996400719856032,0.9784043191361727
883779813_Pg352_13.fsa,Pg352,KY_05,KY,139,0.0010002000400080016,0.002000400080016003,0.001800360072014403,0.001200240048009602,0.001800360072014403,0.002000400080016003,0.002400480096019204,0.001200240048009602,0.0010002000400080016,0.002000400080016003,0.0014002800560112022,0.9821964392878575
883779813_Pg352_14.fsa,Pg352,KY_05,KY,140,0.0012007204322593559,0.0010006003602161299,0.0012007204322593559,0.001801080648389034,0.0012007204322593559,0.001801080648389034,0.0020012007204322597,0.0010006003602161299,0.0012007204322593559,0.001600960576345808,0.0012007204322593559,0.9847908745247148
883779813_Pg352_15.fsa,Pg352,KY_05,KY,141,9.99200639488409e-4,0.0017985611510791366,0.0017985611510791366,0.0017985611510791366,0.0019984012789768186,0.001998401278976818,0.0021982414068745,0.001199040767386091,9.99200639488409e-4,0.001998401278976818,0.0013988808952837728,0.9818145483613109
883779813_Pg352_16.fsa,Pg352,KY_05,KY,142,0.0012007204322593559,0.011406844106463879,0.0012007204322593559,0.0024014408645187117,0.003802281368821293,0.0024014408645187117,0.0040024014408645186,0.0040024014408645186,0.0016009605763458077,0.0020012007204322593,0.00440264158495097,0.9615769461677006
883779813_Pg352_17.fsa,Pg352,KY_05,KY,143,0.01719312275089964,0.002399040383846462,0.0029988004798080768,0.004598160735705718,0.08956417433026789,0.007796881247500999,0.006597361055577769,0.0021991203518592563,0.001999200319872051,0.002798880447820872,0.002798880447820872,0.8590563774490204
883779813_Pg352_18.fsa,Pg352,KY_05,KY,144,0.001999600079984003,0.001999600079984003,0.0013997200559888023,0.002399520095980804,0.039192161567686463,0.001999600079984003,0.001999600079984003,0.0017996400719856032,0.0017996400719856032,0.002399520095980804,0.001199760047990402,0.9418116376724655
883779813_Pg352_19.fsa,Pg352,KY_05,KY,145,0.0010002000400080016,0.002800560112022404,0.002800560112022404,0.002000400080016003,0.0022004400880176033,0.002000400080016003,0.0034006801360272057,0.002000400080016003,0.001200240048009602,0.002800560112022404,0.002000400080016003,0.9757951590318064
883779813_Pg352_20.fsa,Pg352,KY_05,KY,146,0.001,0.028800000000000003,0.002,0.002,0.184,0.0032,0.13999999999999999,0.0073999999999999995,0.0012000000000000001,0.008799999999999999,0.0026000000000000003,0.619
883779813_Pg352_21.fsa,Pg352,KY_05,KY,147,0.0016,0.0024000000000000002,0.009400000000000002,0.001,0.0024000000000000002,0.002,0.005,0.0021999999999999997,0.0086,0.002,0.0016,0.9618
883779813_Pg352_22.fsa,Pg352,KY_05,KY,148,0.0010002000400080016,0.002000400080016003,0.0016003200640128028,0.0012002400480096021,0.0024004800960192043,0.0014002800560112022,0.0024004800960192043,0.0012002400480096021,0.0010002000400080016,0.002000400080016003,0.0014002800560112022,0.9823964792958593
883779813_Pg352_23.fsa,Pg352,KY_05,KY,149,9.994003597841297e-4,0.0019988007195682594,0.0017989206476114335,0.0011992804317409555,0.00199880071956826,0.0019988007195682594,0.002198680791525085,0.0011992804317409555,9.994003597841297e-4,0.0019988007195682594,0.0011992804317409555,0.9824105536677994
883779813_Pg352_24.fsa,Pg352,KY_05,KY,150,0.0018000000000000002,0.002,0.0022,0.0028,0.0036000000000000003,0.0022,0.002,0.0012000000000000001,0.0022,0.0028,0.0014,0.9757999999999999
883779813_Pg353_01.fsa,Pg353,EX_02,EX-S,151,0.001,0.3712,0.0038,0.001,0.05500000000000001,0.0044,0.0027999999999999995,0.12080000000000002,0.0018000000000000002,0.0038,0.3954,0.039
883779813_Pg353_02.fsa,Pg353,EX_02,EX-S,152,0.004197481511093345,0.3693783729762143,0.003198081151309215,0.0029982010793523886,0.004797121726963822,0.012592444533280032,0.0019988007195682594,0.1565060963421947,0.002398560863481911,0.005996402158704778,0.4285428742754348,0.007395562662402559
883779813_Pg353_03.fsa,Pg353,EX_02,EX-S,153,9.996001599360256e-4,0.9816073570571772,0.0015993602558976412,0.001999200319872051,0.0015993602558976412,0.001999200319872051,0.001999200319872051,0.001999200319872051,9.996001599360256e-4,0.0017992802878848463,0.0013994402239104358,0.001999200319872051
883779813_Pg353_04.fsa,Pg353,EX_02,EX-S,154,0.0024009603841536617,0.6308523409363745,0.0020008003201280513,0.0012004801920768309,0.07302921168467386,0.0034013605442176874,0.006002400960384154,0.004001600640256103,0.0020008003201280513,0.0034013605442176874,0.0034013605442176874,0.2683073229291717
883779813_Pg353_05.fsa,Pg353,EX_02,EX-S,155,0.01280256051210242,0.6299259851970395,0.0022004400880176033,0.00640128025605121,0.08181636327265454,0.052410482096419284,0.0022004400880176033,0.0030006001200240046,0.0020004000800160036,0.00620124024804961,0.003800760152030406,0.1972394478895779
883779813_Pg353_06.fsa,Pg353,EX_02,EX-S,156,0.001999600079984003,0.5812837432513498,0.002799440111977604,0.0031993601279744054,0.0017996400719856032,0.001999600079984003,0.001999600079984003,0.39392121575684863,0.0021995600879824036,0.0021995600879824036,0.004399120175964807,0.0021995600879824036
883779813_Pg353_07.fsa,Pg353,EX_02,EX-S,157,0.0020012007204322593,0.00440264158495097,0.002201320792475485,0.002601560936561937,0.002201320792475485,0.0020012007204322593,0.0020012007204322593,0.7278367020212128,0.002201320792475485,0.0020012007204322593,0.24774864918951367,0.0028016810086051633
883779813_Pg353_08.fsa,Pg353,EX_02,EX-S,158,9.996001599360256e-4,0.9734106357457017,0.001999200319872051,0.001199520191923231,0.0037984806077568977,0.004798080767692924,0.0029988004798080768,0.001999200319872051,0.001199520191923231,0.001999200319872051,0.0035985605757696926,0.001999200319872051
883779813_Pg353_09.fsa,Pg353,EX_02,EX-S,159,0.0028044871794871786,0.9623397435897436,0.002003205128205128,0.001001602564102564,0.004407051282051282,0.010416666666666666,0.001001602564102564,0.0036057692307692305,0.0014022435897435895,0.003405448717948718,0.006610576923076923,0.001001602564102564
883779813_Pg353_10.fsa,Pg353,EX_02,EX-S,160,0.005397840863654539,0.9688124750099961,9.996001599360256e-4,0.0031987205117952823,0.002399040383846462,0.0015993602558976412,0.001999200319872051,0.006597361055577769,0.0029988004798080768,9.996001599360256e-4,0.0033986405437824874,0.0015993602558976412
883779813_Pg353_11.fsa,Pg353,EX_02,EX-S,161,0.0013977635782747605,0.8883785942492014,0.0019968051118210866,0.0019968051118210866,0.0047923322683706086,0.0019968051118210866,0.0019968051118210866,0.00299520766773163,0.002196485623003195,0.0019968051118210866,0.002595846645367413,0.0876597444089457
883779813_Pg353_12.fsa,Pg353,EX_02,EX-S,162,0.0027999999999999995,0.6775999999999999,0.0054,0.0054,0.0024000000000000002,0.003,0.002,0.1072,0.0032,0.0048000000000000004,0.183,0.0032
883779813_Pg353_13.fsa,Pg353,EX_02,EX-S,163,0.0012000000000000001,0.89,0.0076,0.0038,0.0054,0.0076,0.004600000000000001,0.029599999999999998,0.0086,0.0018000000000000002,0.021800000000000003,0.018
883779813_Pg353_14.fsa,Pg353,EX_02,EX-S,164,0.0019980019980019984,0.17622377622377627,0.004595404595404596,0.002797202797202798,0.002597402597402598,0.02077922077922078,0.002797202797202798,0.7518481518481519,0.0015984015984015986,0.008991008991008992,0.02297702297702298,0.0027972027972027976
883779813_Pg353_15.fsa,Pg353,EX_02,EX-S,165,0.002400480096019204,0.8835767153430686,0.002000400080016003,0.0044008801760352075,0.002000400080016003,0.002400480096019204,0.002000400080016003,0.024204840968193638,0.002000400080016003,0.0010002000400080016,0.07101420284056811,0.0030006001200240046
883779813_Pg353_16.fsa,Pg353,EX_02,EX-S,166,0.00100080064051241,0.966773418734988,0.00200160128102482,0.00100080064051241,0.006204963971176942,0.004803843074459568,0.005404323458767014,0.00100080064051241,0.00100080064051241,0.0018014411529223382,0.002802241793434748,0.006204963971176941
883779813_Pg353_17.fsa,Pg353,EX_02,EX-S,167,0.0025994801039792045,0.6694661067786444,0.0031993601279744054,0.005398920215956809,0.0027994401119776045,0.002999400119976005,0.007398520295940811,0.13537292541491702,0.0021995600879824036,0.002199560087982403,0.16416716656668665,0.0021995600879824036
883779813_Pg353_18.fsa,Pg353,EX_02,EX-S,168,0.001199760047990402,0.5806838632273545,0.002999400119976005,0.002399520095980804,0.0031993601279744054,0.003399320135972806,0.00579884023195361,0.38532293541291746,0.001999600079984003,0.0021995600879824036,0.00579884023195361,0.004999000199960009
883779813_Pg353_19.fsa,Pg353,EX_02,EX-S,169,0.0015993602558976412,0.009396241503398642,0.0013994402239104358,0.0031987205117952823,0.015593762495002002,0.001999200319872051,0.0033986405437824874,0.5625749700119952,0.0033986405437824874,0.0017992802878848463,0.02858856457417033,0.36705317872850857
883779813_Pg353_20.fsa,Pg353,EX_02,EX-S,170,0.0022,0.2556,0.003,0.0022,0.015200000000000002,0.0092,0.0012000000000000001,0.1532,0.002,0.011399999999999999,0.4662,0.0786
883779813_Pg353_21.fsa,Pg353,EX_02,EX-S,171,9.994003597841297e-4,0.9706176294223466,0.0019988007195682594,0.0017989206476114335,0.002798321007395563,0.0027983210073955628,0.004797121726963822,0.0019988007195682594,0.0011992804317409555,0.0025984409354387374,0.0017989206476114335,0.006596042374575255
883779813_Pg353_22.fsa,Pg353,EX_02,EX-S,172,0.002600520104020804,0.5985197039407882,0.011602320464092819,0.0016003200640128026,0.07481496299259853,0.0034006801360272057,0.0058011602320464095,0.004000800160032006,0.002000400080016003,0.015203040608121625,0.0034006801360272057,0.2770554110822165
883779813_Pg353_23.fsa,Pg353,EX_02,EX-S,173,0.0020012007204322593,0.19651791074644787,0.0024014408645187117,0.003001801080648389,0.0024014408645187117,0.0032019211526916154,0.006003602161296778,0.2971783069841905,0.0022013207924754855,0.0026015609365619375,0.475685411246748,0.006804082449469682
883779813_Pg353_24.fsa,Pg353,EX_02,EX-S,174,0.010997800439912017,0.28534293141371725,0.001999600079984003,0.0045990801839632086,0.14337132573485303,0.003999200159968006,0.002199560087982403,0.03619276144771046,0.008198360327934412,0.003999200159968006,0.015796840631873626,0.48330333933213354
883779813_Pg354_01.fsa,Pg354,KY_06,KY,175,0.001,0.011800000000000001,0.004,0.005200000000000001,0.33879999999999993,0.4194000000000001,0.0076,0.0018000000000000002,0.004000000000000001,0.03219999999999999,0.1638,0.010400000000000001
883779813_Pg354_02.fsa,Pg354,KY_06,KY,176,0.0019980019980019984,0.0019980019980019984,0.004995004995004996,0.0019980019980019984,0.38241758241758245,0.3428571428571429,0.02097902097902098,0.005394605394605395,0.002597402597402598,0.038161838161838164,0.19260739260739262,0.003996003996003997
883779813_Pg354_10.fsa,Pg354,KY_06,KY,177,0.002,0.004,0.0094,0.0018000000000000002,0.37560000000000004,0.38120000000000004,0.016,0.0026,0.002,0.0084,0.188,0.009000000000000001
883779813_Pg354_11.fsa,Pg354,KY_06,KY,178,0.001,0.0018000000000000002,0.002,0.001,0.38319999999999993,0.3104,0.0984,0.001,0.0014,0.005199999999999999,0.1916,0.003
883779813_Pg354_12.fsa,Pg354,KY_06,KY,179,0.0010002000400080016,0.002000400080016003,0.008601720344068814,0.0010002000400080016,0.3896779355871174,0.3490698139627926,0.0014002800560112022,0.0010002000400080016,0.0010002000400080016,0.04960992198439688,0.1926385277055411,0.0030006001200240046
883779813_Pg354_13.fsa,Pg354,KY_06,KY,180,0.0024000000000000002,0.0014,0.0026,0.0024000000000000002,0.38899999999999996,0.3854,0.0076,0.0016,0.0038,0.0066,0.1944,0.0027999999999999995
883779813_Pg354_14.fsa,Pg354,KY_06,KY,181,0.0013997200559888023,0.004199160167966408,0.0637872425514897,0.003399320135972806,0.376124775044991,0.2025594881023795,0.005198960207958407,0.001999600079984003,0.009798040391921616,0.19136172765446913,0.13617276544691065,0.003999200159968006
883779813_Pg354_15.fsa,Pg354,KY_06,KY,182,0.001,0.002,0.002,0.002,0.38499999999999995,0.3876,0.0054,0.002,0.0016,0.013199999999999998,0.19219999999999998,0.006
883779813_Pg354_22.fsa,Pg354,KY_06,KY,183,0.0028,0.0052,0.0244,0.001,0.35359999999999997,0.3922,0.031999999999999994,0.001,0.0034000000000000002,0.005200000000000001,0.1768,0.0024000000000000002
883779813_Pg354_23.fsa,Pg354,KY_06,KY,184,0.0012007204322593559,0.002601560936561937,0.003001801080648389,0.0010006003602161296,0.39263558134880927,0.3916349809885931,0.005803482089253552,0.0010006003602161296,0.0010006003602161296,0.0024014408645187117,0.19631779067440464,0.0014008405043025817
883779813_Pg354_24.fsa,Pg354,KY_06,KY,185,0.0010006003602161296,0.005803482089253552,0.0038022813688212928,0.0014008405043025817,0.38663197918751246,0.3654192515509306,0.0308184910946568,0.003602161296778067,0.0012007204322593559,0.0032019211526916154,0.19451671002601562,0.0026015609365619375
883779813_Pg355_01.fsa,Pg355,EX_03,EX-S,186,0.0016,0.0012000000000000001,0.001,0.0014,0.0012000000000000001,0.001,0.001,0.1988,0.0018000000000000002,0.001,0.789,0.001
883779813_Pg355_02.fsa,Pg355,EX_03,EX-S,187,0.0010018032458425166,0.0010018032458425166,0.0010018032458425166,0.004407934281707073,0.0012021638950110202,0.0010018032458425166,0.0010018032458425166,0.1989581246243238,0.0010018032458425166,0.0010018032458425166,0.7864155479863755,0.0020036064916850336
883779813_Pg355_03.fsa,Pg355,EX_03,EX-S,188,0.0010012014417300763,0.0030036043251902285,0.0012014417300760915,0.0014016820184221067,0.005806968362034442,0.006207448938726473,0.020424509411293555,0.1930316379655587,0.0010012014417300763,0.0030036043251902285,0.762715258309972,0.0012014417300760915
883779813_Pg355_04.fsa,Pg355,EX_03,EX-S,189,0.0010002000400080016,0.8065613122624524,0.003600720144028806,0.004000800160032006,0.0026005201040208044,0.002600520104020804,0.002000400080016003,0.15783156631326264,0.003200640128025605,0.0022004400880176037,0.008201640328065614,0.006201240248049611
883779813_Pg355_05.fsa,Pg355,EX_03,EX-S,190,0.011602320464092819,0.08381676335267055,0.03400680136027206,0.0030006001200240046,0.09741948389677937,0.006801360272054411,0.004000800160032006,0.09141828365673135,0.008001600320064013,0.015003000600120027,0.35927185437087417,0.28565713142628524
883779813_Pg355_06.fsa,Pg355,EX_03,EX-S,191,0.00100080064051241,0.001200960768614892,0.001200960768614892,0.001200960768614892,0.0018014411529223382,0.001401120896717374,0.00300240192153723,0.19395516413130504,0.001200960768614892,0.0018014411529223382,0.789031224979984,0.003202562049639712
883779813_Pg355_07.fsa,Pg355,EX_03,EX-S,192,0.001001201441730076,0.0012014417300760913,0.0012014417300760913,0.0014016820184221063,0.0020024028834601526,0.0024028834601521826,0.002603123748498197,0.19303163796555864,0.0012014417300760913,0.0024028834601521826,0.7881457749299159,0.0034040849018822585
883779813_Pg355_08.fsa,Pg355,EX_03,EX-S,193,0.001999600079984003,0.9582083583283343,0.002999400119976005,9.998000399920016e-4,0.0037992401519696068,0.003599280143971206,0.001999600079984003,0.0021995600879824036,0.0017996400719856032,0.004799040191961607,0.005598880223955208,0.01199760047990402
883779813_Pg355_09.fsa,Pg355,EX_03,EX-S,194,0.00100080064051241,0.0012009607686148923,0.00100080064051241,0.001401120896717374,0.00100080064051241,0.0012009607686148923,0.0012009607686148923,0.1979583666933547,0.0018014411529223382,0.00100080064051241,0.7898318654923939,0.001401120896717374
883779813_Pg355_10.fsa,Pg355,EX_03,EX-S,195,0.0010018032458425166,0.00120216389501102,0.0010018032458425166,0.002003606491685033,0.0010018032458425166,0.00120216389501102,0.00120216389501102,0.19815668202764977,0.00120216389501102,0.0010018032458425166,0.78982167902224,0.00120216389501102
883779813_Pg355_11.fsa,Pg355,EX_03,EX-S,196,0.0010018032458425166,0.00120216389501102,0.0010018032458425166,0.001402524544179523,0.001402524544179523,0.00120216389501102,0.00120216389501102,0.19775596072931276,0.00180324584251653,0.0010018032458425166,0.789020236425566,0.0020036064916850336
883779813_Pg355_12.fsa,Pg355,EX_03,EX-S,197,0.0010006003602161296,0.0012007204322593559,0.0012007204322593559,0.0012007204322593559,0.0012007204322593559,0.0014008405043025817,0.0012007204322593559,0.197518511106664,0.0012007204322593559,0.0012007204322593559,0.7894736842105263,0.002201320792475485
883779813_Pg355_13.fsa,Pg355,EX_03,EX-S,198,0.001999600079984003,0.010797840431913616,0.002799440111977604,0.004799040191961608,0.0029994001199760054,0.002999400119976005,0.0017996400719856032,0.19196160767846432,0.0017996400719856032,0.003999200159968006,0.7650469906018795,0.008998200359928016
883779813_Pg355_14.fsa,Pg355,EX_03,EX-S,199,0.0016,0.002,0.0034000000000000002,0.004,0.0016,0.0012000000000000001,0.0012000000000000001,0.20259999999999997,0.0032,0.0036000000000000003,0.7734,0.0021999999999999997
883779813_Pg355_15.fsa,Pg355,EX_03,EX-S,200,0.005598880223955208,0.02939412117576485,0.008598280343931213,0.006398720255948811,0.008598280343931213,0.014197160567886422,0.020795840831833636,0.7898420315936812,0.0061987602479504095,0.004199160167966408,0.10417916416716656,0.001999600079984003
883779813_Pg355_16.fsa,Pg355,EX_03,EX-S,201,0.0021995600879824028,0.011597680463907216,0.012597480503899217,0.0017996400719856027,0.004199160167966406,0.9314137172565486,0.0031993601279744046,0.011197760447910416,0.002599480103979204,0.002799440111977604,0.012597480503899217,0.0037992401519696055
883779813_Pg355_17.fsa,Pg355,EX_03,EX-S,202,0.001201923076923077,0.001201923076923077,0.0010016025641025642,0.001201923076923077,0.0010016025641025642,0.0014022435897435897,0.001201923076923077,0.19771634615384615,0.0018028846153846157,0.0010016025641025642,0.789863782051282,0.0014022435897435897
883779813_Pg355_18.fsa,Pg355,EX_03,EX-S,203,0.0016025641025641027,0.005008012820512821,0.0010016025641025642,0.0010016025641025642,0.0018028846153846157,0.0018028846153846157,0.0010016025641025642,0.45212339743589747,0.0020032051282051285,0.0010016025641025642,0.5302483974358975,0.0014022435897435897
883779813_Pg355_19.fsa,Pg355,EX_03,EX-S,204,0.0012016823552974164,0.0012016823552974164,0.001001401962747847,0.002002803925495694,0.001001401962747847,0.001001401962747847,0.001001401962747847,0.2002803925495694,0.0012016823552974164,0.001001401962747847,0.7881033446825556,0.001001401962747847
883779813_Pg355_20.fsa,Pg355,EX_03,EX-S,205,0.001598721023181455,0.23161470823341324,0.0019984012789768186,0.0019984012789768186,0.001798561151079137,0.0019984012789768186,0.0019984012789768186,0.4914068745003996,0.001398880895283773,0.0011990407673860913,0.2609912070343725,0.0019984012789768186
883779813_Pg355_21.fsa,Pg355,EX_03,EX-S,206,0.00100080064051241,0.005204163330664532,0.00200160128102482,0.00100080064051241,0.0038030424339471586,0.9723779023218575,0.00200160128102482,0.0012009607686148923,0.0012009607686148923,0.004403522818254605,0.0036028823058446764,0.002201761409127302
883779813_Pg355_22.fsa,Pg355,EX_03,EX-S,207,0.004199160167966408,0.0021995600879824036,0.001999600079984003,0.002799440111977604,0.009598080383923216,0.9546090781843631,0.0015996800639872027,9.998000399920016e-4,0.004399120175964807,0.011197760447910416,0.0035992801439712063,0.002799440111977604
883779813_Pg355_23.fsa,Pg355,EX_03,EX-S,208,0.001001401962747847,0.0012016823552974164,0.001001401962747847,0.002002803925495694,0.001001401962747847,0.001001401962747847,0.001001401962747847,0.2002803925495694,0.001001401962747847,0.001001401962747847,0.7885039054676547,0.001001401962747847
883779813_Pg355_24.fsa,Pg355,EX_03,EX-S,209,0.0017989206476114335,9.994003597841297e-4,9.994003597841297e-4,0.0013991605036977814,0.0011992804317409555,9.994003597841297e-4,9.994003597841297e-4,0.19948031181291226,0.0015990405756546075,9.994003597841297e-4,0.7885268838696783,9.994003597841297e-4
883779813_Pg356_01.fsa,Pg356,TNE_02,TNE,210,0.2060472567080496,0.001001201441730076,0.0016019223067681215,0.0012014417300760913,0.019823788546255505,0.001001201441730076,0.0012014417300760913,0.003604325190228274,0.7601121345614738,0.0012014417300760913,0.0014016820184221063,0.001802162595114137
883779813_Pg356_02.fsa,Pg356,TNE_02,TNE,211,0.19383876775355072,0.0010002000400080016,0.0010002000400080016,0.0024004800960192043,0.0014002800560112022,0.0012002400480096021,0.0012002400480096021,0.0024004800960192043,0.7921584316863373,0.0010002000400080016,0.0014002800560112022,0.0010002000400080016
883779813_Pg356_03.fsa,Pg356,TNE_02,TNE,212,0.19651791074644784,0.0010006003602161296,0.0010006003602161296,0.002201320792475485,0.0018010806483890335,0.0010006003602161296,0.0012007204322593557,0.0024014408645187113,0.7882729637782669,0.0016009605763458075,0.0020012007204322593,0.0010006003602161296
883779813_Pg356_04.fsa,Pg356,TNE_02,TNE,213,0.19447779111644656,0.0010004001600640256,0.001600640256102441,0.0020008003201280513,0.001600640256102441,0.0012004801920768309,0.0024009603841536617,0.004601840736294518,0.7865146058423369,0.001800720288115246,0.0014005602240896359,0.0014005602240896359
883779813_Pg356_05.fsa,Pg356,TNE_02,TNE,214,0.1957566052842274,0.001200960768614892,0.001200960768614892,0.007405924739791835,0.0018014411529223382,0.001200960768614892,0.001200960768614892,0.001601281024819856,0.7822257806244995,0.00100080064051241,0.00200160128102482,0.003402722177742194
883779813_Pg356_06.fsa,Pg356,TNE_02,TNE,215,0.1927927927927928,0.0012012012012012014,0.0018018018018018023,0.002802802802802803,0.0022022022022022024,0.0014014014014014015,0.0016016016016016019,0.003403403403403404,0.7885885885885886,0.0016016016016016019,0.0016016016016016019,0.0010010010010010012
883779813_Pg356_07.fsa,Pg356,TNE_02,TNE,216,0.19495596477181745,0.00100080064051241,0.001601281024819856,0.00200160128102482,0.001401120896717374,0.001200960768614892,0.002401921537229784,0.004003202562049641,0.7868294635708567,0.0018014411529223382,0.001401120896717374,0.001401120896717374
883779813_Pg356_08.fsa,Pg356,TNE_02,TNE,217,0.19163832766553315,0.0010002000400080016,0.0010002000400080016,0.08261652330466093,0.0010002000400080016,0.0010002000400080016,0.0010002000400080016,0.002000400080016003,0.7125425085017003,0.0010002000400080016,0.003400680136027206,0.001800360072014403
883779813_Pg356_09.fsa,Pg356,TNE_02,TNE,218,0.1974,0.0014,0.0012000000000000001,0.002,0.0024000000000000002,0.002,0.002,0.0022,0.7829999999999999,0.002,0.0022,0.0022
883779813_Pg356_10.fsa,Pg356,TNE_02,TNE,219,0.19230769230769232,0.001201923076923077,0.0010016025641025642,0.004006410256410257,0.0014022435897435897,0.001201923076923077,0.0010016025641025642,0.0028044871794871795,0.7860576923076923,0.0010016025641025642,0.0018028846153846157,0.006209935897435898
883779813_Pg356_11.fsa,Pg356,TNE_02,TNE,220,0.1971153846153846,0.001001602564102564,0.001201923076923077,0.001001602564102564,0.0014022435897435895,0.001201923076923077,0.0026041666666666665,0.001201923076923077,0.789463141025641,0.001201923076923077,0.001001602564102564,0.0016025641025641025
883779813_Pg356_12.fsa,Pg356,TNE_02,TNE,221,0.19716340391530165,0.0029964043148222137,0.0021973631642029567,0.0019976028765481425,0.0033959248901318426,0.003595685177786657,0.0021973631642029567,0.003196164602477028,0.7776667998401918,0.0021973631642029563,0.0017978425888933284,0.001598082301238514
883779813_Pg356_13.fsa,Pg356,TNE_02,TNE,222,0.19731570512820515,0.0010016025641025642,0.0014022435897435897,0.0016025641025641027,0.0010016025641025642,0.0010016025641025642,0.0010016025641025642,0.0014022435897435897,0.790264423076923,0.0010016025641025642,0.0020032051282051285,0.0010016025641025642
883779813_Pg356_14.fsa,Pg356,TNE_02,TNE,223,0.19767907162865148,0.001600640256102441,0.001600640256102441,0.0014005602240896359,0.002200880352140856,0.0020008003201280513,0.0010004001600640256,0.001600640256102441,0.7859143657462986,0.0024009603841536617,0.0012004801920768309,0.0014005602240896359
883779813_Pg356_15.fsa,Pg356,TNE_02,TNE,224,0.20468187274909963,0.005402160864345739,0.0012004801920768309,0.0022008803521408565,0.01720688275310124,0.002601040416166467,0.0010004001600640256,0.011204481792717089,0.748499399759904,0.001600640256102441,0.0020008003201280513,0.0024009603841536617
883779813_Pg356_16.fsa,Pg356,TNE_02,TNE,225,0.1629348260695722,0.0013994402239104358,0.006997201119552179,0.03558576569372252,0.0033986405437824874,0.021191523390643743,0.0013994402239104358,0.010995601759296281,0.7365053978408637,0.0033986405437824874,0.003598560575769692,0.012594962015193924
883779813_Pg356_17.fsa,Pg356,TNE_02,TNE,226,0.19351610966579946,0.0010006003602161296,0.0010006003602161296,0.0014008405043025814,0.0016009605763458075,0.0010006003602161296,0.0010006003602161296,0.0012007204322593557,0.7878727236341806,0.0010006003602161296,0.0010006003602161296,0.00840504302581549
883779813_Pg356_18.fsa,Pg356,TNE_02,TNE,227,0.1918,0.0014,0.0038000000000000004,0.0026,0.0018000000000000002,0.0022,0.003,0.0032,0.7826000000000001,0.0012000000000000001,0.0052,0.0012000000000000001
883779813_Pg356_19.fsa,Pg356,TNE_02,TNE,228,0.19955964771817453,0.00100080064051241,0.001401120896717374,0.001401120896717374,0.001200960768614892,0.00100080064051241,0.001401120896717374,0.002201761409127302,0.7874299439551641,0.00100080064051241,0.001401120896717374,0.00100080064051241
883779813_Pg356_20.fsa,Pg356,TNE_02,TNE,229,0.18547418967587037,0.0012004801920768309,0.0014005602240896359,0.013805522208883555,0.0018007202881152463,0.0014005602240896359,0.001600640256102441,0.0018007202881152463,0.7863145258103241,0.0020008003201280513,0.0012004801920768309,0.0020008003201280513
883779813_Pg356_21.fsa,Pg356,TNE_02,TNE,230,0.1871871871871872,0.0012012012012012014,0.0014014014014014013,0.0022022022022022024,0.0012012012012012014,0.0016016016016016017,0.0014014014014014013,0.0020020020020020024,0.7973973973973973,0.001001001001001001,0.001801801801801802,0.0016016016016016017
883779813_Pg356_22.fsa,Pg356,TNE_02,TNE,231,0.14737052589482105,0.0013997200559888023,0.0013997200559888023,0.007598480303939213,0.0031993601279744054,0.0019996000799840036,0.0013997200559888023,0.0021995600879824036,0.8272345530893821,0.001199760047990402,0.0015996800639872027,0.003399320135972806
883779813_Pg356_23.fsa,Pg356,TNE_02,TNE,232,0.1961176706023614,0.0012007204322593557,0.0014008405043025814,0.0030018010806483887,0.0014008405043025814,0.0012007204322593557,0.002201320792475485,0.0014008405043025814,0.7876726035621372,0.0012007204322593557,0.002201320792475485,0.0010006003602161296
883779813_Pg356_24.fsa,Pg356,TNE_02,TNE,233,0.19783740488586304,0.0010012014417300763,0.0010012014417300763,0.0014016820184221067,0.001601922306768122,0.0010012014417300763,0.0012014417300760915,0.0012014417300760915,0.78994793752503,0.0012014417300760915,0.0012014417300760915,0.0014016820184221067
883779813_Pg357_01.fsa,Pg357,TNE_01,TNE,234,0.9590245852488507,0.00199880071956826,0.004997001798920649,0.0031980811513092153,0.0013991605036977818,0.0017989206476114337,0.002398560863481912,0.008594843094143517,0.004597241655006997,0.0029982010793523895,0.007795322806316211,0.001199280431740956
883779813_Pg357_02.fsa,Pg357,TNE_01,TNE,235,0.9848091145312813,9.994003597841297e-4,9.994003597841297e-4,0.0015990405756546075,0.0015990405756546075,9.994003597841297e-4,9.994003597841297e-4,0.0019988007195682594,0.0021986807915250852,9.994003597841297e-4,0.0017989206476114335,9.994003597841297e-4
883779813_Pg357_03.fsa,Pg357,TNE_01,TNE,236,0.9681872749099639,0.0010004001600640256,0.0020008003201280513,0.011204481792717089,0.001600640256102441,0.0022008803521408565,0.002601040416166467,0.0020008003201280513,0.0022008803521408565,0.0018007202881152463,0.002601040416166467,0.0026010404161664665
883779813_Pg357_04.fsa,Pg357,TNE_01,TNE,237,0.9869817744842779,0.001001401962747847,0.001001401962747847,0.0020028039254956945,0.001001401962747847,0.001001401962747847,0.001001401962747847,0.001001401962747847,0.0012016823552974164,0.001001401962747847,0.0018025235329461246,0.001001401962747847
883779813_Pg357_05.fsa,Pg357,TNE_01,TNE,238,0.9849819783740489,0.0010012014417300763,0.0012014417300760915,0.004004805766920306,0.0010012014417300763,0.0010012014417300763,0.0010012014417300763,0.0010012014417300763,0.001601922306768122,0.0012014417300760915,0.0010012014417300763,0.0010012014417300763
883779813_Pg357_06.fsa,Pg357,TNE_01,TNE,239,0.9815815815815816,0.0010010010010010012,0.0010010010010010012,0.005605605605605607,0.0012012012012012014,0.0010010010010010012,0.0010010010010010012,0.0018018018018018023,0.0020020020020020024,0.0012012012012012014,0.0012012012012012014,0.0014014014014014015
883779813_Pg357_07.fsa,Pg357,TNE_01,TNE,240,0.9851822186623949,0.001001201441730076,0.001001201441730076,0.002803364036844213,0.0012014417300760913,0.0012014417300760913,0.001001201441730076,0.0014016820184221065,0.0012014417300760913,0.0012014417300760913,0.0016019223067681217,0.0012014417300760913
883779813_Pg357_08.fsa,Pg357,TNE_01,TNE,241,0.013397320535892822,0.014797040591881623,0.007598480303939213,0.010997800439912017,0.21675664867026592,0.564887022595481,0.04019196160767846,0.007398520295940811,0.009798040391921616,0.007598480303939213,0.10157968406318736,0.004999000199960009
883779813_Pg357_09.fsa,Pg357,TNE_01,TNE,242,0.9861778846153846,0.001201923076923077,0.0016025641025641025,0.0018028846153846155,0.001001602564102564,0.001201923076923077,0.001001602564102564,0.001001602564102564,0.0014022435897435895,0.0016025641025641025,0.001001602564102564,0.001001602564102564
883779813_Pg357_10.fsa,Pg357,TNE_01,TNE,243,0.986583900680817,0.0012014417300760915,0.0012014417300760915,0.0018021625951141374,0.0012014417300760915,0.0010012014417300763,0.0012014417300760915,0.0014016820184221067,0.0012014417300760915,0.0010012014417300763,0.0012014417300760915,0.0010012014417300763
883779813_Pg357_11.fsa,Pg357,TNE_01,TNE,244,0.9851970394078815,0.0010002000400080016,0.0010002000400080016,0.0028005601120224045,0.0010002000400080016,0.0010002000400080016,0.0010002000400080016,0.0016003200640128026,0.002400480096019204,0.0010002000400080016,0.0010002000400080016,0.0010002000400080016
883779813_Pg357_12.fsa,Pg357,TNE_01,TNE,245,0.9809733627077909,0.001001401962747847,0.001001401962747847,0.004406168636090529,0.0014019627478469858,0.001001401962747847,0.001001401962747847,0.002002803925495694,0.0034047666733426803,0.001001401962747847,0.0018025235329461248,0.001001401962747847
883779813_Pg357_13.fsa,Pg357,TNE_01,TNE,246,0.9795713999599439,0.001001401962747847,0.001001401962747847,0.005808131383937512,0.0014019627478469858,0.001001401962747847,0.001001401962747847,0.002002803925495694,0.0026036451031444027,0.001001401962747847,0.002002803925495694,0.0016022431403965554
883779813_Pg357_14.fsa,Pg357,TNE_01,TNE,247,0.9865812136991788,0.0016022431403965552,0.0012016823552974164,0.0018025235329461246,0.001001401962747847,0.001001401962747847,0.001001401962747847,0.001001401962747847,0.0016022431403965552,0.0012016823552974164,0.001001401962747847,0.001001401962747847
883779813_Pg357_15.fsa,Pg357,TNE_01,TNE,248,0.9662067586482703,0.0015996800639872027,0.0015996800639872027,0.0015996800639872027,0.0035992801439712063,0.0031993601279744054,0.003999200159968006,0.002399520095980804,0.009198160367926415,0.003399320135972806,0.002199560087982403,9.998000399920016e-4
883779813_Pg357_16.fsa,Pg357,TNE_01,TNE,249,0.9851881505204163,0.00100080064051241,0.00100080064051241,0.00200160128102482,0.001401120896717374,0.00100080064051241,0.001401120896717374,0.001200960768614892,0.00200160128102482,0.001401120896717374,0.00100080064051241,0.001401120896717374
883779813_Pg357_17.fsa,Pg357,TNE_01,TNE,250,0.9626149540183926,0.0031987205117952815,0.0019992003198720507,0.0029988004798080763,0.002199120351859256,0.0039984006397441015,0.005197920831667333,0.004198320671731307,0.004198320671731307,0.002598960415833666,0.0039984006397441015,0.0027988804478208708
883779813_Pg357_18.fsa,Pg357,TNE_01,TNE,251,0.9857772435897436,0.0016025641025641025,0.0016025641025641025,0.0018028846153846155,0.001201923076923077,0.001201923076923077,0.001001602564102564,0.001201923076923077,0.001001602564102564,0.0016025641025641025,0.001001602564102564,0.001001602564102564
883779813_Pg357_19.fsa,Pg357,TNE_01,TNE,252,0.9839903942365419,0.0010006003602161296,0.0010006003602161296,0.0020012007204322597,0.0012007204322593559,0.0012007204322593559,0.0010006003602161296,0.0020012007204322593,0.0020012007204322593,0.0012007204322593559,0.0024014408645187117,0.0010006003602161296
883779813_Pg357_20.fsa,Pg357,TNE_01,TNE,253,0.9839871897518014,0.0014011208967173738,0.0016012810248198558,0.0030024019215372294,0.0012009607686148918,0.0012009607686148918,0.0010008006405124099,0.0012009607686148918,0.0020016012810248197,0.0012009607686148918,0.0012009607686148918,0.0010008006405124099
883779813_Pg357_21.fsa,Pg357,TNE_01,TNE,254,0.9827965593118624,0.0010002000400080016,0.0010002000400080016,0.0030006001200240046,0.0014002800560112022,0.0010002000400080016,0.0014002800560112022,0.002000400080016003,0.002000400080016003,0.0014002800560112022,0.001200240048009602,0.001800360072014403
883779813_Pg357_22.fsa,Pg357,TNE_01,TNE,255,0.9665665665665666,0.0010010010010010012,0.0030030030030030034,0.002802802802802803,0.0022022022022022024,0.0010010010010010012,0.007607607607607608,0.0030030030030030034,0.003803803803803804,0.005405405405405407,0.0020020020020020024,0.0016016016016016019
883779813_Pg357_23.fsa,Pg357,TNE_01,TNE,256,0.9751900760304121,0.0010004001600640256,0.0010004001600640256,0.0028011204481792717,0.0018007202881152463,0.0010004001600640256,0.0010004001600640256,0.0024009603841536617,0.008403361344537816,0.0010004001600640256,0.0034013605442176874,0.0010004001600640256
883779813_Pg357_24.fsa,Pg357,TNE_01,TNE,257,0.9873873873873873,0.001001001001001001,0.001001001001001001,0.0016016016016016017,0.001001001001001001,0.001001001001001001,0.001001001001001001,0.001001001001001001,0.001801801801801802,0.0012012012012012014,0.001001001001001001,0.001001001001001001
883779813_Pg358_01.fsa,Pg358,TNW_04,TNW,258,0.001798561151079137,0.0037969624300559558,0.0019984012789768186,0.0029976019184652283,0.0033972821742605922,0.00319744204636291,0.0037969624300559558,0.9648281374900081,0.0029976019184652283,0.001798561151079137,0.0077937649880095924,0.001598721023181455
883779813_Pg358_02.fsa,Pg358,TNW_04,TNW,259,0.002002002002002002,0.001001001001001001,0.001001001001001001,0.002802802802802803,0.0016016016016016017,0.001001001001001001,0.001001001001001001,0.8142142142142142,0.002002002002002002,0.001001001001001001,0.17137137137137137,0.001001001001001001
883779813_Pg358_03.fsa,Pg358,TNW_04,TNW,260,0.003399320135972806,0.001999600079984003,0.0015996800639872027,0.001999600079984003,0.002399520095980804,0.001999600079984003,0.0025994801039792045,0.9452109578084383,0.013797240551889623,0.002199560087982403,0.02139572085582884,0.0013997200559888023
883779813_Pg358_04.fsa,Pg358,TNW_04,TNW,261,0.0026020816653322663,0.00200160128102482,0.00100080064051241,0.007405924739791835,0.001401120896717374,0.00100080064051241,0.00100080064051241,0.8148518815052042,0.003202562049639712,0.00100080064051241,0.1635308246597278,0.00100080064051241
883779813_Pg358_05.fsa,Pg358,TNW_04,TNW,262,0.00200160128102482,0.0024019215372297845,0.00100080064051241,0.00200160128102482,0.001401120896717374,0.0012009607686148923,0.00100080064051241,0.9753803042433947,0.001401120896717374,0.00100080064051241,0.010208166533226584,0.00100080064051241
883779813_Pg358_06.fsa,Pg358,TNW_04,TNW,263,0.001001201441730076,0.002002402883460152,0.0012014417300760913,0.001001201441730076,0.001001201441730076,0.001001201441730076,0.002002402883460152,0.9851822186623949,0.001001201441730076,0.001001201441730076,0.002603123748498198,0.001001201441730076
883779813_Pg358_07.fsa,Pg358,TNW_04,TNW,264,0.0021986807915250852,0.003198081151309215,9.994003597841297e-4,0.045372776334199484,0.003198081151309215,0.0027983210073955623,0.0055966420147911256,0.9216470117929242,0.004597241655006997,0.002198680791525085,0.00639616230261843,0.0017989206476114335
883779813_Pg358_08.fsa,Pg358,TNW_04,TNW,265,0.0017992802878848458,0.0019992003198720507,9.996001599360254e-4,0.004798080767692923,0.0011995201919232307,9.996001599360254e-4,9.996001599360254e-4,0.9738104758096761,0.0019992003198720507,9.996001599360254e-4,0.00939624150339864,9.996001599360254e-4
883779813_Pg358_09.fsa,Pg358,TNW_04,TNW,266,0.0354,0.001,0.0046,0.0054,0.0062,0.0078,0.002,0.8274000000000001,0.0082,0.0046,0.082,0.0154
883779813_Pg358_10.fsa,Pg358,TNW_04,TNW,267,0.007398520295940811,0.010397920415916818,0.035992801439712056,0.01679664067186563,0.00559888022395521,0.014197160567886424,0.005198960207958409,0.8674265146970607,0.013197360527894421,0.002999400119976005,0.016196760647870425,0.004599080183963208
883779813_Pg358_11.fsa,Pg358,TNW_04,TNW,268,0.0030024019215372294,0.0020016012810248197,0.0010008006405124099,0.0030024019215372294,0.0022017614091273015,0.0010008006405124099,0.0010008006405124099,0.977982385908727,0.0030024019215372294,0.0010008006405124099,0.002802241793434748,0.0020016012810248197
883779813_Pg358_12.fsa,Pg358,TNW_04,TNW,269,0.020399999999999995,0.002,0.0106,0.002,0.005,0.0064,0.0034000000000000002,0.8362,0.1008,0.004200000000000001,0.0056,0.0034000000000000002
883779813_Pg358_13.fsa,Pg358,TNW_04,TNW,270,0.004605526631958351,0.002002402883460152,0.0016019223067681217,0.0014016820184221065,0.002803364036844213,0.002803364036844213,0.001001201441730076,0.9767721265518622,0.0012014417300760913,0.0018021625951141372,0.0028033640368442135,0.0012014417300760913
883779813_Pg358_14.fsa,Pg358,TNW_04,TNW,271,0.002000400080016003,0.0010002000400080016,0.0010002000400080016,0.005001000200040007,0.0012002400480096021,0.0010002000400080016,0.0010002000400080016,0.9803960792158433,0.002000400080016003,0.0010002000400080016,0.003400680136027206,0.0010002000400080016
883779813_Pg358_15.fsa,Pg358,TNW_04,TNW,272,0.002398560863481911,0.0019988007195682594,0.015390765540675597,0.002398560863481911,0.002198680791525085,0.0019988007195682594,0.00779532280631621,0.9486308215070959,0.00979412352588447,0.002398560863481911,0.0033979612232660408,0.0015990405756546075
883779813_Pg358_16.fsa,Pg358,TNW_04,TNW,273,0.0032,0.0054,0.002,0.028599999999999997,0.0026,0.0054,0.0082,0.9321999999999999,0.0036000000000000003,0.002,0.0046,0.0022
883779813_Pg358_17.fsa,Pg358,TNW_04,TNW,274,0.01960392078415683,0.002400480096019204,0.0022004400880176037,0.0030006001200240046,0.0022004400880176037,0.002000400080016003,0.002000400080016003,0.8705741148229647,0.0692138427685537,0.002000400080016003,0.021604320864172834,0.003200640128025605
883779813_Pg358_18.fsa,Pg358,TNW_04,TNW,275,0.001998001998001998,0.003996003996003996,0.0029970029970029966,0.025174825174825173,0.0029970029970029966,0.0029970029970029966,0.003996003996003996,0.9358641358641359,0.001998001998001998,0.0037962037962037958,0.0075924075924075915,0.0065934065934065925
883779813_Pg358_19.fsa,Pg358,TNW_04,TNW,276,0.0078,0.0086,0.0073999999999999995,0.015,0.018000000000000002,0.017400000000000002,0.004600000000000001,0.8897999999999999,0.0016,0.008400000000000001,0.0164,0.005
883779813_Pg358_20.fsa,Pg358,TNW_04,TNW,277,0.0032006401280256056,0.002000400080016003,0.0010002000400080016,0.0048009601920384086,0.002800560112022404,0.002600520104020805,0.0010002000400080016,0.9435887177435487,0.0022004400880176037,0.0010002000400080016,0.033606721344268856,0.0022004400880176037
883779813_Pg358_21.fsa,Pg358,TNW_04,TNW,278,0.0016009605763458075,0.00340204122473484,0.0040024014408645186,0.0030018010806483887,0.0030018010806483887,0.0030018010806483887,0.005203121873123873,0.9619771863117871,0.002801681008605163,0.0020012007204322593,0.005803482089253553,0.004202521512907745
883779813_Pg358_22.fsa,Pg358,TNW_04,TNW,279,0.00200160128102482,0.001401120896717374,0.001200960768614892,0.00200160128102482,0.001601281024819856,0.00100080064051241,0.00100080064051241,0.9831865492393915,0.002201761409127302,0.001200960768614892,0.002201761409127302,0.00100080064051241
883779813_Pg358_23.fsa,Pg358,TNW_04,TNW,280,0.0019984012789768186,0.0019984012789768186,0.0023980815347721825,0.00319744204636291,0.0019984012789768186,0.0019984012789768186,0.003597122302158274,0.9722222222222222,0.001598721023181455,0.0023980815347721825,0.004596322941646683,0.0019984012789768186
883779813_Pg358_24.fsa,Pg358,TNW_04,TNW,281,0.001999600079984003,0.001999600079984003,9.998000399920016e-4,0.001999600079984003,0.001199760047990402,9.998000399920016e-4,0.0017996400719856032,0.9792041591681664,0.001999600079984003,9.998000399920016e-4,0.0057988402319536095,9.998000399920016e-4
883779813_Pg359_01.fsa,Pg359,TNW_05,TNW,282,0.005610098176718093,0.002203967140853537,0.0012021638950110202,0.002003606491685033,0.002003606491685033,0.0016028851933480267,0.0012021638950110202,0.9765578040472851,0.0014025245441795233,0.0012021638950110202,0.0018032458425165303,0.0032057703866960534
883779813_Pg359_02.fsa,Pg359,TNW_05,TNW,283,0.0036014405762304917,0.002801120448179272,0.007603041216486594,0.040016006402561026,0.003201280512204882,0.03721488595438175,0.01860744297719088,0.8627450980392157,0.008003201280512207,0.003001200480192077,0.008403361344537816,0.0048019207683073235
883779813_Pg359_03.fsa,Pg359,TNW_05,TNW,284,0.0026015609365619367,0.002001200720432259,0.005003001801080647,0.003802281368821292,0.0032019211526916145,0.0054032419451671,0.0034020412247348407,0.9487692615569342,0.015009005403241942,0.002201320792475485,0.004002401440864518,0.0046027616569941955
883779813_Pg359_04.fsa,Pg359,TNW_05,TNW,285,0.00439736158305017,0.007195682590445734,0.004197481511093345,0.0029982010793523886,0.0033979612232660408,0.003198081151309215,0.00739556266240256,0.919648211073356,0.007595442734359385,0.0027983210073955628,0.002798321007395563,0.034379372376574055
883779813_Pg359_05.fsa,Pg359,TNW_05,TNW,286,0.001600640256102441,0.002801120448179272,0.0022008803521408565,0.0020008003201280513,0.002801120448179272,0.0020008003201280513,0.0020008003201280513,0.9629851940776311,0.0020008003201280517,0.0024009603841536617,0.011204481792717087,0.006002400960384154
883779813_Pg359_06.fsa,Pg359,TNW_05,TNW,287,0.001999200319872051,0.003598560575769692,0.0043982407037185135,0.003998400639744102,0.0017992802878848463,0.0021991203518592567,0.001999200319872051,0.9672131147540984,0.0027988804478208716,0.0029988004798080768,0.0043982407037185135,0.002598960415833667
883779813_Pg359_07.fsa,Pg359,TNW_05,TNW,288,0.003999200159968006,0.001999600079984003,0.005198960207958409,0.005198960207958409,0.0035992801439712063,0.003399320135972806,0.0021995600879824036,0.952009598080384,0.0031993601279744054,0.0065986802639472104,0.0037992401519696063,0.008798240351929613
883779813_Pg359_08.fsa,Pg359,TNW_05,TNW,289,0.0017992802878848458,0.002199120351859256,0.0019992003198720507,0.08496601359456216,0.004798080767692924,0.0037984806077568964,0.0019992003198720507,0.8668532586965213,0.013794482207117152,0.002199120351859256,0.0027988804478208716,0.012794882047181128
883779813_Pg359_09.fsa,Pg359,TNW_05,TNW,290,0.003003003003003003,0.002002002002002002,0.008808808808808808,0.0038038038038038036,0.003603603603603604,0.005005005005005005,0.12552552552552554,0.8218218218218217,0.003603603603603604,0.0038038038038038036,0.010410410410410412,0.008608608608608608
883779813_Pg359_10.fsa,Pg359,TNW_05,TNW,291,0.0020012007204322593,0.0010006003602161296,0.0010006003602161296,0.0020012007204322593,0.0014008405043025814,0.0012007204322593557,0.0010006003602161296,0.9841905143085851,0.002201320792475485,0.0010006003602161296,0.0018010806483890335,0.0012007204322593557
883779813_Pg359_11.fsa,Pg359,TNW_05,TNW,292,0.0027988804478208716,0.001999200319872051,0.001999200319872051,0.0029988004798080768,0.004398240703718513,0.002399040383846462,0.002399040383846462,0.9682127149140345,0.0037984806077568977,0.0031987205117952823,0.0037984806077568972,0.001999200319872051
883779813_Pg359_12.fsa,Pg359,TNW_05,TNW,293,0.01658341658341658,0.005994005994005993,0.005394605394605395,0.011588411588411587,0.007792207792207791,0.009190809190809189,0.001998001998001998,0.9096903096903097,0.005794205794205795,0.0019980019980019984,0.002797202797202797,0.021178821178821177
883779813_Pg359_13.fsa,Pg359,TNW_05,TNW,294,0.008396641343462616,0.0029988004798080768,0.0031987205117952823,0.005597760895641743,0.0035985605757696926,0.005397840863654539,0.0021991203518592567,0.9442223110755698,0.0029988004798080768,0.004598160735705718,0.0021991203518592567,0.014594162335065972
883779813_Pg359_14.fsa,Pg359,TNW_05,TNW,295,0.0625874825034993,0.001999600079984003,9.998000399920016e-4,0.008598280343931213,0.006398720255948811,0.002599480103979204,0.001999600079984003,0.8918216356728654,0.014397120575884824,0.002999400119976005,0.001999600079984003,0.003599280143971206
883779813_Pg359_15.fsa,Pg359,TNW_05,TNW,296,0.0030006001200240046,0.008401680336067214,0.0030006001200240046,0.0022004400880176033,0.012002400480096018,0.010602120424084815,0.0658131626325265,0.868373674734947,0.0040008001600320055,0.004200840168033607,0.003800760152030406,0.014602920584116823
883779813_Pg359_16.fsa,Pg359,TNW_05,TNW,297,0.0034006801360272057,0.007401480296059211,0.0022004400880176037,0.07661532306461294,0.0030006001200240046,0.002000400080016003,0.003200640128025605,0.8407681536307261,0.041408281656331265,0.007201440288057612,0.0022004400880176037,0.010602120424084817
883779813_Pg359_17.fsa,Pg359,TNW_05,TNW,298,0.0019988007195682594,0.0021986807915250852,0.0011992804317409555,0.0049970017989206476,0.0019988007195682594,0.0021986807915250852,0.0017989206476114335,0.9744153507895263,0.0027983210073955628,0.0011992804317409555,0.002798321007395563,0.002398560863481911
883779813_Pg359_18.fsa,Pg359,TNW_05,TNW,299,0.0014008405043025814,0.0020012007204322593,0.0020012007204322593,0.0012007204322593557,0.0020012007204322597,0.013007804682809687,0.0010006003602161296,0.9443666199719832,0.0054032419451671004,0.009605763458074845,0.0034020412247348407,0.014608765259155495
883779813_Pg359_19.fsa,Pg359,TNW_05,TNW,300,0.007603041216486595,0.0036014405762304926,0.0020008003201280513,0.003001200480192077,0.002200880352140856,0.0022008803521408565,0.0010004001600640256,0.9693877551020409,0.0022008803521408565,0.0018007202881152463,0.003001200480192077,0.0020008003201280513
883779813_Pg359_20.fsa,Pg359,TNW_05,TNW,301,0.0016019223067681217,0.001001201441730076,0.001001201441730076,0.0032038446135362435,0.0012014417300760913,0.001001201441730076,0.0024028834601521826,0.9819783740488586,0.001001201441730076,0.001001201441730076,0.0036043251902282743,0.001001201441730076
883779813_Pg359_21.fsa,Pg359,TNW_05,TNW,302,0.0031993601279744054,0.001999600079984003,0.003999200159968006,0.0635872825434913,0.007198560287942413,0.051389722055588886,0.009398120375924815,0.8370325934813037,0.009998000399920015,0.004199160167966408,0.00559888022395521,0.002399520095980804
883779813_Pg359_22.fsa,Pg359,TNW_05,TNW,303,0.0016,0.002,0.002,0.002,0.0024000000000000002,0.0032,0.004600000000000001,0.9724,0.0022,0.0018000000000000002,0.0036000000000000003,0.0022
883779813_Pg359_23.fsa,Pg359,TNW_05,TNW,304,0.006602641056422569,0.003001200480192077,0.0010004001600640256,0.005802320928371349,0.018007202881152463,0.007603041216486595,0.017807122849139656,0.8843537414965986,0.01720688275310124,0.004201680672268907,0.016206482593037214,0.018207282913165267
883779813_Pg359_24.fsa,Pg359,TNW_05,TNW,305,0.00100080064051241,0.0012009607686148923,0.00200160128102482,0.0018014411529223382,0.0018014411529223382,0.00200160128102482,0.00100080064051241,0.9835868694955965,0.001401120896717374,0.0012009607686148923,0.00200160128102482,0.00100080064051241
883779813_Pg360_01.fsa,Pg360,TNW_03,TNW,306,0.5842674139311449,0.0012009607686148923,0.00100080064051241,0.0034027221777421946,0.19835868694955966,0.0018014411529223382,0.00100080064051241,0.004403522818254604,0.19735788630904724,0.00100080064051241,0.0042033626901521225,0.0020016012810248206
883779813_Pg360_02.fsa,Pg360,TNW_03,TNW,307,0.6361817090254152,0.0018010806483890337,0.009205523313988393,0.012207324394636782,0.15829497698619174,0.0018010806483890337,0.0024014408645187117,0.020612367420452273,0.14788873323994395,0.005003001801080649,0.0020012007204322593,0.0026015609365619375
883779813_Pg360_03.fsa,Pg360,TNW_03,TNW,308,0.5911546928156894,0.0014008405043025817,0.0010006003602161296,0.0012007204322593559,0.19871923153892337,0.0012007204322593559,0.0016009605763458077,0.0018010806483890337,0.19831899139483689,0.0010006003602161296,0.0016009605763458077,0.0010006003602161296
883779813_Pg360_04.fsa,Pg360,TNW_03,TNW,309,0.5787370103916867,0.0025979216626698647,0.001998401278976819,9.992006394884093e-4,0.20243804956035172,0.00419664268585132,0.001798561151079137,0.001998401278976819,0.19424460431654678,0.0059952038369304565,0.0021982414068745003,0.002797761790567546
883779813_Pg360_05.fsa,Pg360,TNW_03,TNW,310,0.5567999999999999,0.0056,0.0022,0.006,0.1926,0.0028000000000000004,0.001,0.0068000000000000005,0.219,0.0018000000000000002,0.0042,0.0012000000000000001
883779813_Pg360_06.fsa,Pg360,TNW_03,TNW,311,0.5830332132853141,0.0034013605442176874,0.001800720288115246,0.0022008803521408565,0.1990796318527411,0.003201280512204882,0.001800720288115246,0.0056022408963585435,0.19587835134053622,0.001800720288115246,0.0012004801920768309,0.0010004001600640256
883779813_Pg360_07.fsa,Pg360,TNW_03,TNW,312,0.5885416666666666,0.0022035256410256414,0.0010016025641025642,0.001602564102564103,0.19270833333333334,0.0010016025641025642,0.00280448717948718,0.00280448717948718,0.20212339743589744,0.0010016025641025642,0.003205128205128206,0.0010016025641025642
883779813_Pg360_08.fsa,Pg360,TNW_03,TNW,313,0.5728,0.0082,0.0022,0.0021999999999999997,0.1958,0.0018000000000000002,0.007200000000000001,0.005800000000000001,0.196,0.0016,0.0054,0.001
883779813_Pg360_09.fsa,Pg360,TNW_03,TNW,314,0.41559999999999997,0.02,0.078,0.0364,0.1422,0.020200000000000003,0.1254,0.0068000000000000005,0.1448,0.0024000000000000002,0.0062,0.002
883779813_Pg360_10.fsa,Pg360,TNW_03,TNW,315,0.5849660135945621,0.0019992003198720507,9.996001599360254e-4,0.0017992802878848458,0.19792083166733304,0.006397441023590563,9.996001599360254e-4,0.002199120351859256,0.19692123150739702,0.0017992802878848458,0.0021991203518592554,0.0017992802878848458
883779813_Pg360_11.fsa,Pg360,TNW_03,TNW,316,0.5691138227645529,0.002600520104020805,0.001800360072014403,0.013402680536107223,0.1912382476495299,0.0024004800960192043,0.0010002000400080016,0.0024004800960192043,0.20984196839367875,0.001800360072014403,0.002600520104020805,0.001800360072014403
883779813_Pg360_12.fsa,Pg360,TNW_03,TNW,317,0.5700280112044818,0.007603041216486596,0.002200880352140857,0.009003601440576233,0.19547819127651062,0.005002000800320129,0.003401360544217688,0.0020008003201280517,0.19907963185274113,0.0026010404161664674,0.002000800320128052,0.0016006402561024413
883779813_Pg360_13.fsa,Pg360,TNW_03,TNW,318,0.592555533319992,0.0010006003602161296,0.0010006003602161296,0.0010006003602161296,0.19851911146688014,0.0010006003602161296,0.0010006003602161296,0.0018010806483890337,0.19851911146688014,0.0010006003602161296,0.0016009605763458077,0.0010006003602161296
883779813_Pg360_14.fsa,Pg360,TNW_03,TNW,319,0.5917917917917918,0.0012012012012012014,0.001001001001001001,0.001001001001001001,0.1985985985985986,0.001001001001001001,0.001001001001001001,0.001801801801801802,0.198998998998999,0.001001001001001001,0.0016016016016016017,0.001001001001001001
883779813_Pg360_15.fsa,Pg360,TNW_03,TNW,320,0.5565547561950439,0.0017985611510791366,0.004596322941646682,0.0021982414068745,0.17745803357314147,0.001998401278976818,0.001998401278976818,0.0033972821742605914,0.24440447641886487,0.0017985611510791366,0.0019984012789768186,0.0017985611510791366
883779813_Pg360_16.fsa,Pg360,TNW_03,TNW,321,0.5563338002801681,0.0010006003602161296,0.0010006003602161296,0.0010006003602161296,0.1929157494496698,0.0010006003602161296,0.0010006003602161296,0.0026015609365619375,0.19851911146688014,0.0010006003602161296,0.042625575345207126,0.0010006003602161296
883779813_Pg360_17.fsa,Pg360,TNW_03,TNW,322,0.5891178235647129,0.0016003200640128026,0.0010002000400080016,0.0016003200640128026,0.1978395679135827,0.0010002000400080016,0.001800360072014403,0.001800360072014403,0.19863972794558912,0.001800360072014403,0.0016003200640128026,0.0022004400880176037
883779813_Pg360_18.fsa,Pg360,TNW_03,TNW,323,0.5763999999999998,0.0020000000000000005,0.0020000000000000005,0.0028,0.1984,0.0062,0.0024000000000000002,0.0062,0.1956,0.0022,0.003,0.0028
883779813_Pg360_19.fsa,Pg360,TNW_03,TNW,324,0.5256,0.0024000000000000002,0.003999999999999999,0.0028000000000000004,0.1618,0.0026000000000000003,0.001,0.012,0.1998,0.0026000000000000003,0.0844,0.001
883779813_Pg360_20.fsa,Pg360,TNW_03,TNW,325,0.5853999999999999,0.0028,0.0022,0.0012000000000000001,0.1978,0.0026000000000000003,0.0018000000000000002,0.0016,0.1986,0.0026000000000000003,0.0012000000000000001,0.0022
883779813_Pg360_21.fsa,Pg360,TNW_03,TNW,326,0.5809485691414848,0.00200120072043226,0.001801080648389034,0.0038022813688212936,0.1983189913948369,0.002601560936561938,0.0010006003602161299,0.003602161296778068,0.1973183910346208,0.001801080648389034,0.0034020412247348416,0.0034020412247348416
883779813_Pg360_22.fsa,Pg360,TNW_03,TNW,327,0.5747700919632146,0.0037984806077568977,0.0027988804478208716,0.0015993602558976412,0.19892043182726912,0.009596161535385847,0.0015993602558976412,0.0033986405437824874,0.19592163134746104,0.0029988004798080768,0.0019992003198720516,0.002598960415833667
883779813_Pg360_23.fsa,Pg360,TNW_03,TNW,328,0.586351811086652,0.0032019211526916154,0.0016009605763458077,0.0016009605763458077,0.19311586952171303,0.0018010806483890337,0.0036021612967780674,0.0026015609365619375,0.20012007204322596,0.0016009605763458077,0.0032019211526916154,0.0012007204322593559
883779813_Pg360_24.fsa,Pg360,TNW_03,TNW,329,0.45940000000000003,0.0334,0.009,0.09240000000000001,0.1466,0.0046,0.0018000000000000002,0.01,0.2088,0.0056,0.0216,0.0068000000000000005
883779813_Pg361_01.fsa,Pg361,TNW_02,TNW,330,0.00779532280631621,0.0053967619428343,0.0037977213671796925,0.5618628822706377,0.0055966420147911256,0.018788726763941638,0.0017989206476114335,0.17329602238656808,0.17929242454527286,0.028582850289826104,0.0077953228063162095,0.005996402158704777
883779813_Pg361_02.fsa,Pg361,TNW_02,TNW,331,0.0010002000400080016,0.001800360072014403,0.002000400080016003,0.7355471094218844,0.0038007601520304063,0.023204640928185635,0.001800360072014403,0.001800360072014403,0.19443888777755552,0.001800360072014403,0.0020004000800160036,0.030806161232246453
883779813_Pg361_03.fsa,Pg361,TNW_02,TNW,332,0.019215372297838273,0.05684547638110488,0.007205764611689352,0.6459167333867094,0.010608486789431545,0.0070056044835868705,0.0034027221777421933,0.039431545236188956,0.16473178542834271,0.01741393114491593,0.026020816653322662,0.002201761409127302
883779813_Pg361_04.fsa,Pg361,TNW_02,TNW,333,0.0024004800960192043,0.001800360072014403,0.006201240248049611,0.7889577915583117,0.004400880176035207,0.008601720344068815,0.0010002000400080016,0.002000400080016003,0.16963392678535708,0.005601120224044809,0.003600720144028806,0.005801160232046411
883779813_Pg361_05.fsa,Pg361,TNW_02,TNW,334,0.0024009603841536617,0.002601040416166467,0.0018007202881152463,0.7809123649459784,0.001600640256102441,0.0018007202881152463,0.0018007202881152463,0.003601440576230492,0.1980792316926771,0.0018007202881152463,0.0018007202881152463,0.0018007202881152463
883779813_Pg361_06.fsa,Pg361,TNW_02,TNW,335,0.004998000799680128,0.0017992802878848463,0.002598960415833667,0.7824870051979208,0.001999200319872051,0.0017992802878848463,0.001999200319872051,0.002798880447820871,0.19252299080367852,0.002399040383846462,0.001999200319872051,0.002598960415833667
883779813_Pg361_07.fsa,Pg361,TNW_02,TNW,336,0.001800720288115246,0.003201280512204882,0.003001200480192077,0.7509003601440576,0.002801120448179272,0.0034013605442176874,0.002601040416166467,0.01720688275310124,0.20308123249299717,0.0034013605442176874,0.0028011204481792717,0.005802320928371348
883779813_Pg361_08.fsa,Pg361,TNW_02,TNW,337,0.001999600079984003,0.003399320135972806,0.0025994801039792045,0.76124775044991,0.0035992801439712063,0.003399320135972806,0.0025994801039792045,0.007598480303939213,0.2013597280543891,0.003399320135972806,0.0021995600879824036,0.0065986802639472104
883779813_Pg361_09.fsa,Pg361,TNW_02,TNW,338,0.001,0.0018000000000000002,0.0018000000000000002,0.782,0.0020000000000000005,0.0026000000000000003,0.0018000000000000002,0.003,0.1982,0.0018000000000000002,0.0012000000000000001,0.0027999999999999995
883779813_Pg362_01.fsa,Pg362,TNW_01,TNW,339,0.002398081534772182,0.006794564348521183,0.004796163069544364,0.9558353317346123,0.002398081534772182,0.0021982414068745003,0.004796163069544364,0.001998401278976818,0.010391686650679455,0.002797761790567546,0.002597921662669864,0.0029976019184652274
883779813_Pg362_02.fsa,Pg362,TNW_01,TNW,340,0.0010010010010010012,0.0018018018018018023,0.0010010010010010012,0.980980980980981,0.0010010010010010012,0.0010010010010010012,0.0018018018018018023,0.003803803803803804,0.0010010010010010012,0.0010010010010010012,0.004404404404404405,0.0012012012012012014
883779813_Pg362_03.fsa,Pg362,TNW_01,TNW,341,0.0024000000000000002,0.0068000000000000005,0.004200000000000001,0.9662,0.0020000000000000005,0.0022,0.004,0.002,0.0036000000000000003,0.0021999999999999997,0.0022,0.0022
883779813_Pg362_04.fsa,Pg362,TNW_01,TNW,342,0.0022004400880176033,0.0010002000400080016,0.0010002000400080016,0.9777955591118224,0.001200240048009602,0.0010002000400080016,0.0010002000400080016,0.0030006001200240046,0.007201440288057612,0.0010002000400080016,0.0026005201040208044,0.0010002000400080016
883779813_Pg362_05.fsa,Pg362,TNW_01,TNW,343,0.0020032051282051285,0.0018028846153846157,0.0010016025641025642,0.9807692307692307,0.001201923076923077,0.0010016025641025642,0.0018028846153846157,0.0030048076923076925,0.0014022435897435897,0.0010016025641025642,0.004006410256410257,0.0010016025641025642
883779813_Pg362_06.fsa,Pg362,TNW_01,TNW,344,0.0013997200559888023,9.998000399920016e-4,9.998000399920016e-4,0.9848030393921215,0.001199760047990402,9.998000399920016e-4,9.998000399920016e-4,0.001999600079984003,0.0017996400719856032,9.998000399920016e-4,0.002399520095980804,0.0013997200559888023
883779813_Pg362_07.fsa,Pg362,TNW_01,TNW,345,0.001,0.001,0.001,0.9773999999999999,0.001,0.001,0.001,0.001,0.0126,0.001,0.001,0.001
883779813_Pg362_08.fsa,Pg362,TNW_01,TNW,346,0.0014,0.0018000000000000002,0.001,0.959,0.0012000000000000001,0.001,0.0027999999999999995,0.008400000000000001,0.0018000000000000002,0.001,0.0196,0.001
883779813_Pg362_09.fsa,Pg362,TNW_01,TNW,347,0.0012016823552974164,0.0014019627478469858,0.0012016823552974164,0.9827758862407371,0.0014019627478469858,0.0014019627478469858,0.0012016823552974164,0.0026036451031444022,0.002803925495693972,0.0012016823552974164,0.0018025235329461246,0.001001401962747847
883779813_Pg362_10.fsa,Pg362,TNW_01,TNW,348,0.0012009607686148918,0.0010008006405124099,0.0010008006405124099,0.9859887910328262,0.0010008006405124099,0.0010008006405124099,0.0010008006405124099,0.0020016012810248197,0.0020016012810248197,0.0010008006405124099,0.001801441152922338,0.0010008006405124099
883779813_Pg362_11.fsa,Pg362,TNW_01,TNW,349,0.0010012014417300763,0.0010012014417300763,0.0010012014417300763,0.9845814977973568,0.0010012014417300763,0.0010012014417300763,0.0010012014417300763,0.0030036043251902285,0.0018021625951141374,0.0010012014417300763,0.0026031237484981985,0.0010012014417300763
883779813_Pg362_12.fsa,Pg362,TNW_01,TNW,350,0.0014005602240896359,0.0010004001600640256,0.0010004001600640256,0.9883953581432573,0.0010004001600640256,0.0010004001600640256,0.0010004001600640256,0.0010004001600640256,0.0012004801920768309,0.0010004001600640256,0.0010004001600640256,0.0010004001600640256
883779813_Pg362_13.fsa,Pg362,TNW_01,TNW,351,0.0020040080160320644,0.0012024048096192386,0.0010020040080160322,0.9835671342685371,0.0012024048096192386,0.0010020040080160322,0.0010020040080160322,0.0028056112224448897,0.001402805611222445,0.0010020040080160322,0.0028056112224448906,0.0010020040080160322
883779813_Pg362_14.fsa,Pg362,TNW_01,TNW,352,0.0014014014014014013,0.001001001001001001,0.0034034034034034037,0.9747747747747748,0.001001001001001001,0.0034034034034034037,0.001001001001001001,0.0022022022022022024,0.006206206206206207,0.001001001001001001,0.002802802802802802,0.001801801801801802
